-- phpMyAdmin SQL Dump
-- version 3.4.10.1deb1
-- http://www.phpmyadmin.net
--
-- Host: localhost
-- Erstellungszeit: 16. Apr 2014 um 16:37
-- Server Version: 5.5.34
-- PHP-Version: 5.3.10-1ubuntu3.9

SET SQL_MODE="NO_AUTO_VALUE_ON_ZERO";
SET time_zone = "+00:00";


/*!40101 SET @OLD_CHARACTER_SET_CLIENT=@@CHARACTER_SET_CLIENT */;
/*!40101 SET @OLD_CHARACTER_SET_RESULTS=@@CHARACTER_SET_RESULTS */;
/*!40101 SET @OLD_COLLATION_CONNECTION=@@COLLATION_CONNECTION */;
/*!40101 SET NAMES utf8 */;

--
-- Datenbank: `nominateit`
--

-- --------------------------------------------------------

--
-- Tabellenstruktur für Tabelle `award`
--

CREATE TABLE IF NOT EXISTS `award` (
  `award_id` int(10) NOT NULL AUTO_INCREMENT,
  `title` varchar(254) NOT NULL,
  `description` text NOT NULL,
  `added` timestamp NOT NULL DEFAULT CURRENT_TIMESTAMP,
  PRIMARY KEY (`award_id`)
) ENGINE=InnoDB  DEFAULT CHARSET=utf8 AUTO_INCREMENT=10 ;

--
-- Daten für Tabelle `award`
--

INSERT INTO `award` (`award_id`, `title`, `description`, `added`) VALUES
(1, 'award001', 'test award 001', '2014-04-14 15:56:35'),
(2, 'award002', 'test award 002', '2014-04-14 15:58:06'),
(3, 'award003', 'test award 003', '2014-04-14 15:58:06'),
(4, 'award004', 'test award 004', '2014-04-14 15:59:31'),
(5, 'award005', 'test award 005', '2014-04-14 15:59:31'),
(6, 'award006', 'test award 006', '2014-04-14 15:59:31'),
(7, 'award007', 'test award 007', '2014-04-14 15:59:31'),
(8, 'award008', 'test award 008', '2014-04-14 15:59:31'),
(9, 'award009', 'test award 009', '2014-04-14 15:59:31');

-- --------------------------------------------------------

--
-- Tabellenstruktur für Tabelle `awards`
--

CREATE TABLE IF NOT EXISTS `awards` (
  `awards_id` int(10) NOT NULL AUTO_INCREMENT,
  `award_id` int(10) NOT NULL,
  `pfuscher_id` int(10) NOT NULL,
  `added` timestamp NOT NULL DEFAULT CURRENT_TIMESTAMP,
  PRIMARY KEY (`awards_id`),
  KEY `award_id` (`awards_id`),
  KEY `pfuscher_id` (`pfuscher_id`),
  KEY `award_id_2` (`award_id`)
) ENGINE=InnoDB  DEFAULT CHARSET=utf8 AUTO_INCREMENT=89 ;

--
-- Daten für Tabelle `awards`
--

INSERT INTO `awards` (`awards_id`, `award_id`, `pfuscher_id`, `added`) VALUES
(16, 1, 2, '2014-04-15 08:15:31'),
(17, 5, 3, '2014-04-15 08:16:22'),
(18, 3, 3, '2014-04-15 08:16:23'),
(19, 6, 2, '2014-04-15 08:16:23'),
(20, 8, 3, '2014-04-15 08:16:25'),
(21, 2, 4, '2014-04-15 08:16:32'),
(22, 1, 3, '2014-04-15 08:16:37'),
(23, 5, 4, '2014-04-15 08:16:39'),
(24, 6, 3, '2014-04-15 08:16:41'),
(25, 4, 5, '2014-04-15 08:42:24'),
(26, 4, 21, '2014-04-15 08:43:18'),
(27, 2, 3, '2014-04-15 09:24:18'),
(28, 4, 4, '2014-04-15 09:25:22'),
(29, 2, 2, '2014-04-15 09:59:37'),
(30, 4, 3, '2014-04-15 09:59:48'),
(31, 7, 3, '2014-04-15 09:59:50'),
(32, 3, 2, '2014-04-15 10:00:29'),
(33, 4, 2, '2014-04-15 10:02:08'),
(34, 5, 2, '2014-04-15 10:03:58'),
(35, 7, 2, '2014-04-15 10:08:23'),
(36, 8, 2, '2014-04-15 10:13:58'),
(37, 9, 2, '2014-04-15 10:14:17'),
(38, 9, 3, '2014-04-15 10:16:04'),
(39, 7, 4, '2014-04-15 10:19:40'),
(40, 6, 4, '2014-04-15 10:25:07'),
(41, 8, 4, '2014-04-15 10:25:10'),
(42, 9, 4, '2014-04-15 10:25:12'),
(43, 3, 4, '2014-04-15 10:25:21'),
(44, 1, 4, '2014-04-15 10:25:25'),
(45, 8, 5, '2014-04-15 10:28:36'),
(46, 2, 5, '2014-04-15 10:28:49'),
(47, 9, 6, '2014-04-15 10:28:53'),
(48, 5, 6, '2014-04-15 10:28:54'),
(49, 2, 6, '2014-04-15 10:28:54'),
(50, 5, 7, '2014-04-15 10:29:01'),
(51, 8, 7, '2014-04-15 10:29:03'),
(52, 7, 8, '2014-04-15 10:29:06'),
(53, 4, 8, '2014-04-15 10:29:07'),
(54, 9, 11, '2014-04-15 10:29:54'),
(55, 4, 10, '2014-04-15 10:29:56'),
(56, 4, 11, '2014-04-15 10:29:57'),
(57, 2, 12, '2014-04-15 10:29:58'),
(58, 6, 5, '2014-04-15 11:17:51'),
(59, 9, 5, '2014-04-15 11:17:55'),
(60, 3, 5, '2014-04-15 11:18:00'),
(61, 5, 5, '2014-04-15 11:18:03'),
(62, 7, 5, '2014-04-15 11:18:09'),
(63, 1, 5, '2014-04-15 11:38:06'),
(64, 3, 6, '2014-04-15 11:38:31'),
(65, 2, 7, '2014-04-15 11:38:34'),
(66, 2, 8, '2014-04-15 11:38:38'),
(67, 1, 9, '2014-04-15 11:38:41'),
(72, 1, 39, '2014-04-15 17:32:37'),
(74, 1, 40, '2014-04-16 06:23:43'),
(75, 1, 52, '2014-04-16 06:23:53'),
(76, 1, 1, '2014-04-16 06:34:23'),
(77, 2, 52, '2014-04-16 06:35:45'),
(78, 2, 1, '2014-04-16 07:01:29'),
(79, 6, 1, '2014-04-16 07:19:41'),
(80, 9, 58, '2014-04-16 08:34:03'),
(81, 9, 69, '2014-04-16 08:47:58'),
(82, 9, 62, '2014-04-16 08:48:33'),
(83, 7, 1, '2014-04-16 13:17:23'),
(84, 4, 6, '2014-04-16 14:17:51'),
(85, 9, 1, '2014-04-16 14:29:24'),
(86, 8, 1, '2014-04-16 14:31:53'),
(87, 4, 1, '2014-04-16 14:32:57'),
(88, 4, 13, '2014-04-16 14:33:10');

-- --------------------------------------------------------

--
-- Tabellenstruktur für Tabelle `locked`
--

CREATE TABLE IF NOT EXISTS `locked` (
  `lock_id` bigint(20) NOT NULL AUTO_INCREMENT,
  `pfuscher_id` int(10) NOT NULL,
  `awards_id` int(10) NOT NULL,
  `vote_id` int(10) NOT NULL,
  `ip` varchar(54) NOT NULL,
  `lease` datetime NOT NULL,
  `date` timestamp NOT NULL DEFAULT CURRENT_TIMESTAMP,
  PRIMARY KEY (`lock_id`),
  KEY `pfuscher_id` (`pfuscher_id`),
  KEY `vote_id` (`vote_id`),
  KEY `awards_id` (`awards_id`)
) ENGINE=InnoDB  DEFAULT CHARSET=utf8 AUTO_INCREMENT=512 ;

--
-- Daten für Tabelle `locked`
--

INSERT INTO `locked` (`lock_id`, `pfuscher_id`, `awards_id`, `vote_id`, `ip`, `lease`, `date`) VALUES
(106, 2, 16, 122, '127.0.0.1', '2014-04-14 12:49:03', '2014-04-15 10:49:03'),
(107, 2, 16, 123, '127.0.0.1', '2014-04-14 12:49:05', '2014-04-15 10:49:05'),
(108, 2, 16, 124, '127.0.0.1', '2014-04-14 12:49:07', '2014-04-15 10:49:07'),
(109, 2, 16, 125, '127.0.0.1', '2014-04-14 12:49:11', '2014-04-15 10:49:11'),
(110, 2, 16, 126, '127.0.0.1', '2014-04-14 12:49:12', '2014-04-15 10:49:12'),
(111, 2, 16, 127, '127.0.0.1', '2014-04-14 12:49:13', '2014-04-15 10:49:13'),
(112, 2, 29, 128, '127.0.0.1', '2014-04-14 12:49:51', '2014-04-15 10:49:51'),
(113, 3, 18, 129, '127.0.0.1', '2014-04-14 12:49:52', '2014-04-15 10:49:52'),
(114, 3, 22, 130, '127.0.0.1', '2014-04-14 12:49:53', '2014-04-15 10:49:53'),
(115, 3, 27, 131, '127.0.0.1', '2014-04-14 12:49:54', '2014-04-15 10:49:54'),
(116, 3, 30, 132, '127.0.0.1', '2014-04-14 12:49:54', '2014-04-15 10:49:54'),
(117, 3, 17, 133, '127.0.0.1', '2014-04-14 12:49:55', '2014-04-15 10:49:55'),
(118, 3, 24, 134, '127.0.0.1', '2014-04-14 12:49:55', '2014-04-15 10:49:55'),
(119, 3, 31, 135, '127.0.0.1', '2014-04-14 12:49:56', '2014-04-15 10:49:56'),
(120, 3, 20, 136, '127.0.0.1', '2014-04-14 12:49:56', '2014-04-15 10:49:56'),
(121, 3, 38, 137, '127.0.0.1', '2014-04-14 12:49:57', '2014-04-15 10:49:57'),
(122, 2, 37, 138, '127.0.0.1', '2014-04-14 12:49:58', '2014-04-15 10:49:58'),
(123, 2, 36, 139, '127.0.0.1', '2014-04-14 12:49:59', '2014-04-15 10:49:59'),
(124, 2, 35, 140, '127.0.0.1', '2014-04-14 12:49:59', '2014-04-15 10:49:59'),
(125, 2, 19, 141, '127.0.0.1', '2014-04-14 12:49:59', '2014-04-15 10:49:59'),
(126, 2, 34, 142, '127.0.0.1', '2014-04-14 12:50:00', '2014-04-15 10:50:00'),
(127, 2, 33, 143, '127.0.0.1', '2014-04-14 12:50:00', '2014-04-15 10:50:00'),
(128, 2, 32, 144, '127.0.0.1', '2014-04-14 12:50:01', '2014-04-15 10:50:01'),
(129, 2, 29, 145, '127.0.0.1', '2014-04-14 12:50:01', '2014-04-15 10:50:01'),
(130, 2, 16, 146, '127.0.0.1', '2014-04-14 12:50:02', '2014-04-15 10:50:02'),
(131, 2, 16, 147, '127.0.0.1', '2014-04-14 12:53:04', '2014-04-15 10:53:04'),
(132, 2, 16, 148, '127.0.0.1', '2014-04-14 12:53:20', '2014-04-15 10:53:20'),
(133, 2, 16, 149, '127.0.0.1', '2014-04-14 12:54:36', '2014-04-15 10:54:36'),
(134, 2, 16, 150, '127.0.0.1', '2014-04-14 12:55:46', '2014-04-15 10:55:46'),
(135, 2, 16, 151, '127.0.0.1', '2014-04-14 12:55:47', '2014-04-15 10:55:48'),
(136, 2, 16, 152, '127.0.0.1', '2014-04-14 12:55:48', '2014-04-15 10:55:48'),
(137, 2, 16, 153, '127.0.0.1', '2014-04-14 12:55:49', '2014-04-15 10:55:49'),
(138, 2, 16, 154, '127.0.0.1', '2014-04-14 12:55:49', '2014-04-15 10:55:49'),
(139, 2, 16, 155, '127.0.0.1', '2014-04-14 12:55:49', '2014-04-15 10:55:50'),
(140, 2, 16, 156, '127.0.0.1', '2014-04-14 12:55:50', '2014-04-15 10:55:50'),
(141, 2, 16, 157, '127.0.0.1', '2014-04-14 12:55:50', '2014-04-15 10:55:50'),
(142, 2, 16, 158, '127.0.0.1', '2014-04-14 12:55:50', '2014-04-15 10:55:50'),
(143, 2, 16, 159, '127.0.0.1', '2014-04-14 12:55:50', '2014-04-15 10:55:50'),
(144, 2, 32, 160, '127.0.0.1', '2014-04-14 12:55:51', '2014-04-15 10:55:51'),
(145, 2, 32, 161, '127.0.0.1', '2014-04-14 12:55:52', '2014-04-15 10:55:52'),
(146, 2, 32, 162, '127.0.0.1', '2014-04-14 12:55:52', '2014-04-15 10:55:52'),
(147, 2, 32, 163, '127.0.0.1', '2014-04-14 12:55:52', '2014-04-15 10:55:52'),
(148, 2, 33, 164, '127.0.0.1', '2014-04-14 12:55:53', '2014-04-15 10:55:53'),
(149, 2, 33, 165, '127.0.0.1', '2014-04-14 12:55:53', '2014-04-15 10:55:53'),
(150, 2, 33, 166, '127.0.0.1', '2014-04-14 12:55:53', '2014-04-15 10:55:53'),
(151, 2, 34, 167, '127.0.0.1', '2014-04-14 12:55:54', '2014-04-15 10:55:54'),
(152, 2, 34, 168, '127.0.0.1', '2014-04-14 12:55:54', '2014-04-15 10:55:54'),
(153, 2, 34, 169, '127.0.0.1', '2014-04-14 12:55:54', '2014-04-15 10:55:54'),
(154, 2, 19, 170, '127.0.0.1', '2014-04-14 12:55:55', '2014-04-15 10:55:55'),
(155, 2, 19, 171, '127.0.0.1', '2014-04-14 12:55:55', '2014-04-15 10:55:55'),
(156, 2, 19, 172, '127.0.0.1', '2014-04-14 12:55:55', '2014-04-15 10:55:55'),
(157, 3, 31, 173, '127.0.0.1', '2014-04-14 12:55:57', '2014-04-15 10:55:57'),
(158, 3, 31, 174, '127.0.0.1', '2014-04-14 12:55:57', '2014-04-15 10:55:57'),
(159, 3, 24, 175, '127.0.0.1', '2014-04-14 12:55:58', '2014-04-15 10:55:58'),
(160, 3, 24, 176, '127.0.0.1', '2014-04-14 12:55:58', '2014-04-15 10:55:58'),
(161, 3, 24, 177, '127.0.0.1', '2014-04-14 12:55:59', '2014-04-15 10:55:59'),
(162, 3, 30, 178, '127.0.0.1', '2014-04-14 12:55:59', '2014-04-15 10:56:00'),
(163, 3, 30, 179, '127.0.0.1', '2014-04-14 12:56:00', '2014-04-15 10:56:00'),
(164, 3, 30, 180, '127.0.0.1', '2014-04-14 12:56:00', '2014-04-15 10:56:00'),
(165, 2, 16, 181, '127.0.0.1', '2014-04-14 12:56:38', '2014-04-15 10:56:38'),
(166, 2, 16, 182, '127.0.0.1', '2014-04-14 12:56:38', '2014-04-15 10:56:38'),
(167, 2, 16, 183, '127.0.0.1', '2014-04-14 12:56:38', '2014-04-15 10:56:38'),
(168, 2, 16, 184, '127.0.0.1', '2014-04-14 12:56:38', '2014-04-15 10:56:38'),
(169, 2, 16, 185, '127.0.0.1', '2014-04-14 12:57:11', '2014-04-15 10:57:11'),
(170, 2, 29, 186, '127.0.0.1', '2014-04-14 12:57:12', '2014-04-15 10:57:12'),
(171, 2, 32, 187, '127.0.0.1', '2014-04-14 12:57:13', '2014-04-15 10:57:13'),
(172, 2, 33, 188, '127.0.0.1', '2014-04-14 12:57:13', '2014-04-15 10:57:14'),
(173, 2, 34, 189, '127.0.0.1', '2014-04-14 12:57:15', '2014-04-15 10:57:15'),
(174, 2, 32, 190, '127.0.0.1', '2014-04-14 13:02:31', '2014-04-15 11:02:31'),
(175, 2, 33, 191, '127.0.0.1', '2014-04-14 13:02:32', '2014-04-15 11:02:32'),
(176, 2, 34, 192, '127.0.0.1', '2014-04-14 13:02:34', '2014-04-15 11:02:34'),
(177, 2, 19, 193, '127.0.0.1', '2014-04-14 13:02:35', '2014-04-15 11:02:35'),
(178, 2, 35, 194, '127.0.0.1', '2014-04-14 13:02:35', '2014-04-15 11:02:35'),
(179, 3, 24, 195, '127.0.0.1', '2014-04-14 13:02:37', '2014-04-15 11:02:37'),
(180, 2, 32, 196, '127.0.0.1', '2014-04-14 13:02:50', '2014-04-15 11:02:50'),
(181, 2, 33, 197, '127.0.0.1', '2014-04-14 13:02:51', '2014-04-15 11:02:51'),
(182, 3, 30, 198, '127.0.0.1', '2014-04-14 13:02:52', '2014-04-15 11:02:52'),
(183, 2, 32, 199, '127.0.0.1', '2014-04-14 13:04:22', '2014-04-15 11:04:22'),
(184, 2, 32, 200, '127.0.0.1', '2014-04-14 13:04:33', '2014-04-15 11:04:33'),
(185, 2, 33, 201, '127.0.0.1', '2014-04-14 13:04:35', '2014-04-15 11:04:35'),
(186, 2, 33, 202, '127.0.0.1', '2014-04-14 13:05:00', '2014-04-15 11:05:00'),
(187, 2, 33, 203, '127.0.0.1', '2014-04-14 13:05:11', '2014-04-15 11:05:12'),
(188, 2, 32, 204, '127.0.0.1', '2014-04-14 13:05:13', '2014-04-15 11:05:13'),
(189, 2, 33, 205, '127.0.0.1', '2014-04-14 13:05:45', '2014-04-15 11:05:45'),
(190, 2, 33, 206, '127.0.0.1', '2014-04-14 13:05:58', '2014-04-15 11:05:58'),
(191, 2, 34, 207, '127.0.0.1', '2014-04-14 13:06:00', '2014-04-15 11:06:00'),
(192, 2, 33, 208, '127.0.0.1', '2014-04-14 13:06:13', '2014-04-15 11:06:13'),
(193, 2, 34, 209, '127.0.0.1', '2014-04-14 13:06:16', '2014-04-15 11:06:16'),
(194, 2, 33, 210, '127.0.0.1', '2014-04-14 13:06:41', '2014-04-15 11:06:41'),
(195, 2, 33, 211, '127.0.0.1', '2014-04-14 13:06:55', '2014-04-15 11:06:55'),
(196, 2, 34, 212, '127.0.0.1', '2014-04-14 13:06:59', '2014-04-15 11:06:59'),
(197, 2, 32, 213, '127.0.0.1', '2014-04-14 13:07:01', '2014-04-15 11:07:01'),
(198, 2, 32, 214, '127.0.0.1', '2014-04-14 13:07:21', '2014-04-15 11:07:21'),
(199, 2, 33, 215, '127.0.0.1', '2014-04-14 13:07:23', '2014-04-15 11:07:23'),
(200, 2, 32, 216, '127.0.0.1', '2014-04-14 13:07:37', '2014-04-15 11:07:37'),
(201, 2, 32, 217, '127.0.0.1', '2014-04-14 13:07:40', '2014-04-15 11:07:40'),
(202, 2, 32, 218, '127.0.0.1', '2014-04-14 13:07:42', '2014-04-15 11:07:42'),
(203, 2, 32, 219, '127.0.0.1', '2014-04-14 13:09:27', '2014-04-15 11:09:27'),
(204, 2, 32, 220, '127.0.0.1', '2014-04-14 13:09:59', '2014-04-15 11:09:59'),
(205, 2, 33, 221, '127.0.0.1', '2014-04-14 13:10:01', '2014-04-15 11:10:01'),
(206, 2, 34, 222, '127.0.0.1', '2014-04-14 13:10:03', '2014-04-15 11:10:03'),
(207, 2, 19, 223, '127.0.0.1', '2014-04-14 13:10:05', '2014-04-15 11:10:05'),
(208, 2, 19, 224, '127.0.0.1', '2014-04-14 13:10:07', '2014-04-15 11:10:07'),
(209, 2, 19, 225, '127.0.0.1', '2014-04-14 13:10:09', '2014-04-15 11:10:09'),
(210, 2, 19, 226, '127.0.0.1', '2014-04-14 13:10:10', '2014-04-15 11:10:10'),
(211, 2, 19, 227, '127.0.0.1', '2014-04-14 13:10:12', '2014-04-15 11:10:12'),
(212, 2, 32, 228, '127.0.0.1', '2014-04-14 13:11:06', '2014-04-15 11:11:06'),
(213, 2, 33, 229, '127.0.0.1', '2014-04-14 13:11:10', '2014-04-15 11:11:10'),
(214, 2, 33, 230, '127.0.0.1', '2014-04-14 13:11:24', '2014-04-15 11:11:24'),
(215, 2, 34, 231, '127.0.0.1', '2014-04-14 13:11:26', '2014-04-15 11:11:26'),
(216, 2, 19, 232, '127.0.0.1', '2014-04-14 13:11:29', '2014-04-15 11:11:29'),
(217, 3, 20, 233, '127.0.0.1', '2014-04-14 13:12:34', '2014-04-15 11:12:34'),
(218, 3, 38, 234, '127.0.0.1', '2014-04-14 13:12:37', '2014-04-15 11:12:37'),
(219, 3, 31, 235, '127.0.0.1', '2014-04-14 13:12:39', '2014-04-15 11:12:39'),
(220, 3, 24, 236, '127.0.0.1', '2014-04-14 13:12:42', '2014-04-15 11:12:42'),
(221, 3, 17, 237, '127.0.0.1', '2014-04-14 13:12:44', '2014-04-15 11:12:44'),
(222, 2, 16, 238, '127.0.0.1', '2014-04-14 13:12:47', '2014-04-15 11:12:47'),
(223, 2, 29, 239, '127.0.0.1', '2014-04-14 13:12:49', '2014-04-15 11:12:49'),
(224, 2, 32, 240, '127.0.0.1', '2014-04-14 13:12:52', '2014-04-15 11:12:52'),
(225, 2, 32, 241, '127.0.0.1', '2014-04-14 13:13:04', '2014-04-15 11:13:04'),
(226, 2, 33, 242, '127.0.0.1', '2014-04-14 13:13:07', '2014-04-15 11:13:07'),
(227, 2, 34, 243, '127.0.0.1', '2014-04-14 13:13:09', '2014-04-15 11:13:09'),
(228, 2, 32, 244, '127.0.0.1', '2014-04-14 13:14:38', '2014-04-15 11:14:38'),
(229, 2, 32, 245, '127.0.0.1', '2014-04-14 13:15:12', '2014-04-15 11:15:12'),
(230, 2, 33, 246, '127.0.0.1', '2014-04-14 13:15:34', '2014-04-15 11:15:34'),
(231, 2, 33, 247, '127.0.0.1', '2014-04-14 13:15:51', '2014-04-15 11:15:51'),
(232, 2, 33, 248, '127.0.0.1', '2014-04-14 13:16:02', '2014-04-15 11:16:02'),
(233, 2, 33, 249, '127.0.0.1', '2014-04-14 13:16:19', '2014-04-15 11:16:19'),
(234, 2, 32, 250, '127.0.0.1', '2014-04-14 13:16:44', '2014-04-15 11:16:44'),
(235, 2, 32, 251, '127.0.0.1', '2014-04-14 13:17:03', '2014-04-15 11:17:03'),
(236, 2, 33, 252, '127.0.0.1', '2014-04-14 13:17:05', '2014-04-15 11:17:05'),
(237, 2, 34, 253, '127.0.0.1', '2014-04-14 13:17:07', '2014-04-15 11:17:07'),
(238, 2, 19, 254, '127.0.0.1', '2014-04-14 13:17:09', '2014-04-15 11:17:10'),
(239, 3, 31, 255, '192.168.0.115', '2014-04-14 13:17:26', '2014-04-15 11:17:26'),
(240, 4, 39, 256, '192.168.0.115', '2014-04-14 13:17:29', '2014-04-15 11:17:29'),
(241, 4, 28, 257, '192.168.0.115', '2014-04-14 13:17:31', '2014-04-15 11:17:31'),
(242, 4, 42, 258, '192.168.0.115', '2014-04-14 13:17:34', '2014-04-15 11:17:34'),
(243, 4, 42, 259, '192.168.0.115', '2014-04-14 13:17:36', '2014-04-15 11:17:36'),
(244, 4, 42, 260, '192.168.0.115', '2014-04-14 13:17:38', '2014-04-15 11:17:38'),
(245, 3, 30, 261, '192.168.0.115', '2014-04-14 13:17:42', '2014-04-15 11:17:42'),
(246, 4, 40, 262, '192.168.0.115', '2014-04-14 13:17:44', '2014-04-15 11:17:44'),
(247, 4, 42, 263, '192.168.0.115', '2014-04-14 13:17:47', '2014-04-15 11:17:47'),
(248, 5, 58, 264, '192.168.0.115', '2014-04-14 13:17:51', '2014-04-15 11:17:51'),
(249, 5, 45, 265, '192.168.0.115', '2014-04-14 13:17:53', '2014-04-15 11:17:53'),
(250, 5, 59, 266, '192.168.0.115', '2014-04-14 13:17:55', '2014-04-15 11:17:55'),
(251, 5, 46, 267, '192.168.0.115', '2014-04-14 13:17:58', '2014-04-15 11:17:58'),
(252, 5, 60, 268, '192.168.0.115', '2014-04-14 13:18:00', '2014-04-15 11:18:00'),
(253, 5, 61, 269, '192.168.0.115', '2014-04-14 13:18:03', '2014-04-15 11:18:04'),
(254, 5, 25, 270, '192.168.0.115', '2014-04-14 13:18:06', '2014-04-15 11:18:06'),
(255, 5, 62, 271, '192.168.0.115', '2014-04-14 13:18:09', '2014-04-15 11:18:09'),
(256, 3, 20, 272, '127.0.0.1', '2014-04-14 13:18:58', '2014-04-15 11:18:58'),
(257, 3, 17, 273, '127.0.0.1', '2014-04-14 13:19:16', '2014-04-15 11:19:16'),
(258, 3, 31, 274, '127.0.0.1', '2014-04-14 13:19:19', '2014-04-15 11:19:19'),
(259, 3, 20, 275, '127.0.0.1', '2014-04-14 13:19:21', '2014-04-15 11:19:22'),
(260, 3, 38, 276, '127.0.0.1', '2014-04-14 13:19:24', '2014-04-15 11:19:24'),
(261, 3, 18, 277, '127.0.0.1', '2014-04-14 13:19:26', '2014-04-15 11:19:26'),
(262, 3, 30, 278, '127.0.0.1', '2014-04-14 13:19:29', '2014-04-15 11:19:29'),
(263, 3, 24, 279, '127.0.0.1', '2014-04-14 13:19:31', '2014-04-15 11:19:31'),
(264, 3, 18, 280, '192.168.0.163', '2014-04-14 13:26:30', '2014-04-15 11:26:31'),
(265, 3, 17, 281, '192.168.0.163', '2014-04-14 13:26:33', '2014-04-15 11:26:33'),
(266, 2, 36, 282, '192.168.0.115', '2014-04-14 13:35:34', '2014-04-15 11:35:34'),
(267, 3, 24, 283, '192.168.0.115', '2014-04-14 13:35:36', '2014-04-15 11:35:37'),
(268, 2, 35, 284, '192.168.0.163', '2014-04-14 13:36:31', '2014-04-15 11:36:31'),
(269, 2, 33, 285, '192.168.0.163', '2014-04-14 13:36:34', '2014-04-15 11:36:34'),
(270, 2, 16, 286, '192.168.0.163', '2014-04-14 13:36:58', '2014-04-15 11:36:58'),
(271, 2, 16, 287, '192.168.0.163', '2014-04-14 13:37:00', '2014-04-15 11:37:00'),
(272, 2, 16, 288, '192.168.0.163', '2014-04-14 13:37:03', '2014-04-15 11:37:03'),
(273, 2, 19, 289, '192.168.0.163', '2014-04-14 13:37:05', '2014-04-15 11:37:05'),
(274, 3, 22, 290, '192.168.0.163', '2014-04-14 13:37:08', '2014-04-15 11:37:08'),
(275, 3, 18, 291, '192.168.0.163', '2014-04-14 13:37:10', '2014-04-15 11:37:10'),
(276, 2, 36, 292, '192.168.0.163', '2014-04-14 13:37:25', '2014-04-15 11:37:25'),
(277, 5, 58, 293, '192.168.0.163', '2014-04-14 13:38:01', '2014-04-15 11:38:01'),
(278, 5, 46, 294, '192.168.0.163', '2014-04-14 13:38:04', '2014-04-15 11:38:04'),
(279, 5, 63, 295, '192.168.0.163', '2014-04-14 13:38:06', '2014-04-15 11:38:06'),
(280, 2, 35, 296, '192.168.0.163', '2014-04-14 13:38:10', '2014-04-15 11:38:11'),
(281, 2, 19, 297, '192.168.0.163', '2014-04-14 13:38:13', '2014-04-15 11:38:13'),
(282, 2, 32, 298, '192.168.0.163', '2014-04-14 13:38:15', '2014-04-15 11:38:15'),
(283, 2, 37, 299, '192.168.0.163', '2014-04-14 13:38:17', '2014-04-15 11:38:18'),
(284, 3, 27, 300, '192.168.0.163', '2014-04-14 13:38:20', '2014-04-15 11:38:20'),
(285, 3, 24, 301, '192.168.0.163', '2014-04-14 13:38:22', '2014-04-15 11:38:22'),
(286, 4, 21, 302, '192.168.0.163', '2014-04-14 13:38:25', '2014-04-15 11:38:25'),
(287, 5, 63, 303, '192.168.0.163', '2014-04-14 13:38:28', '2014-04-15 11:38:28'),
(288, 6, 64, 304, '192.168.0.163', '2014-04-14 13:38:31', '2014-04-15 11:38:31'),
(289, 7, 65, 305, '192.168.0.163', '2014-04-14 13:38:35', '2014-04-15 11:38:35'),
(290, 8, 66, 306, '192.168.0.163', '2014-04-14 13:38:38', '2014-04-15 11:38:38'),
(291, 9, 67, 307, '192.168.0.163', '2014-04-14 13:38:41', '2014-04-15 11:38:41'),
(292, 3, 22, 308, '192.168.0.163', '2014-04-14 13:40:27', '2014-04-15 11:40:28'),
(293, 3, 18, 309, '192.168.0.163', '2014-04-14 13:40:30', '2014-04-15 11:40:30'),
(294, 3, 27, 310, '192.168.0.163', '2014-04-14 13:40:33', '2014-04-15 11:40:33'),
(295, 4, 44, 311, '192.168.0.163', '2014-04-14 13:40:36', '2014-04-15 11:40:36'),
(296, 4, 39, 312, '192.168.0.163', '2014-04-14 13:40:39', '2014-04-15 11:40:39'),
(297, 4, 43, 313, '192.168.0.163', '2014-04-14 13:40:45', '2014-04-15 11:40:45'),
(298, 4, 40, 314, '192.168.0.163', '2014-04-14 13:40:48', '2014-04-15 11:40:48'),
(299, 4, 41, 315, '192.168.0.163', '2014-04-14 13:40:53', '2014-04-15 11:40:53'),
(300, 3, 22, 316, '192.168.0.163', '2014-04-14 13:40:58', '2014-04-15 11:40:58'),
(301, 3, 30, 317, '192.168.0.163', '2014-04-14 13:41:01', '2014-04-15 11:41:01'),
(302, 3, 24, 318, '192.168.0.163', '2014-04-14 13:41:03', '2014-04-15 11:41:03'),
(303, 4, 42, 319, '192.168.0.163', '2014-04-14 13:41:08', '2014-04-15 11:41:08'),
(304, 2, 19, 320, '192.168.0.163', '2014-04-14 13:49:13', '2014-04-15 11:49:13'),
(305, 2, 35, 321, '192.168.0.163', '2014-04-14 13:49:35', '2014-04-15 11:49:35'),
(306, 3, 20, 322, '192.168.0.163', '2014-04-14 13:49:39', '2014-04-15 11:49:39'),
(307, 2, 16, 323, '127.0.0.1', '2014-04-14 13:55:04', '2014-04-15 11:55:04'),
(308, 2, 16, 324, '127.0.0.1', '2014-04-14 13:58:01', '2014-04-15 11:58:01'),
(309, 2, 16, 325, '127.0.0.1', '2014-04-14 13:58:45', '2014-04-15 11:58:45'),
(310, 2, 29, 326, '127.0.0.1', '2014-04-14 13:58:47', '2014-04-15 11:58:47'),
(311, 2, 32, 327, '127.0.0.1', '2014-04-14 13:58:51', '2014-04-15 11:58:51'),
(312, 2, 16, 328, '127.0.0.1', '2014-04-14 14:04:23', '2014-04-15 12:04:24'),
(313, 2, 16, 329, '192.168.0.163', '2014-04-14 14:04:43', '2014-04-15 12:04:43'),
(314, 2, 19, 330, '192.168.0.163', '2014-04-14 14:04:54', '2014-04-15 12:04:54'),
(315, 2, 35, 331, '192.168.0.163', '2014-04-14 14:05:01', '2014-04-15 12:05:01'),
(316, 2, 36, 332, '192.168.0.163', '2014-04-14 14:05:06', '2014-04-15 12:05:06'),
(317, 3, 22, 333, '192.168.0.163', '2014-04-14 14:05:21', '2014-04-15 12:05:21'),
(318, 3, 18, 334, '192.168.0.163', '2014-04-14 14:05:27', '2014-04-15 12:05:27'),
(319, 3, 38, 335, '192.168.0.163', '2014-04-14 14:05:32', '2014-04-15 12:05:32'),
(320, 2, 19, 336, '192.168.0.129', '2014-04-14 14:05:52', '2014-04-15 12:05:52'),
(321, 2, 36, 337, '192.168.0.129', '2014-04-14 14:06:02', '2014-04-15 12:06:02'),
(322, 2, 37, 338, '192.168.0.129', '2014-04-14 14:06:08', '2014-04-15 12:06:08'),
(323, 2, 37, 339, '192.168.0.129', '2014-04-14 14:06:16', '2014-04-15 12:06:16'),
(324, 2, 36, 340, '192.168.0.129', '2014-04-14 14:06:25', '2014-04-15 12:06:25'),
(325, 2, 29, 341, '127.0.0.1', '2014-04-14 14:06:31', '2014-04-15 12:06:31'),
(326, 2, 16, 342, '127.0.0.1', '2014-04-14 14:07:19', '2014-04-15 12:07:19'),
(327, 2, 16, 343, '127.0.0.1', '2014-04-14 14:09:35', '2014-04-15 12:09:35'),
(328, 3, 24, 344, '127.0.0.1', '2014-04-14 14:09:41', '2014-04-15 12:09:41'),
(329, 3, 38, 345, '127.0.0.1', '2014-04-14 14:09:44', '2014-04-15 12:09:44'),
(330, 4, 39, 346, '127.0.0.1', '2014-04-14 14:09:48', '2014-04-15 12:09:48'),
(331, 3, 38, 347, '127.0.0.1', '2014-04-14 14:09:51', '2014-04-15 12:09:51'),
(332, 4, 40, 348, '127.0.0.1', '2014-04-14 14:09:56', '2014-04-15 12:09:56'),
(333, 2, 16, 349, '127.0.0.1', '2014-04-14 15:51:39', '2014-04-15 13:51:39'),
(334, 2, 16, 350, '127.0.0.1', '2014-04-14 15:51:55', '2014-04-15 13:51:55'),
(335, 2, 33, 351, '127.0.0.1', '2014-04-14 15:52:30', '2014-04-15 13:52:30'),
(336, 2, 33, 352, '127.0.0.1', '2014-04-14 15:52:35', '2014-04-15 13:52:35'),
(337, 2, 33, 353, '127.0.0.1', '2014-04-14 15:52:59', '2014-04-15 13:52:59'),
(338, 2, 33, 354, '127.0.0.1', '2014-04-14 15:53:04', '2014-04-15 13:53:04'),
(339, 2, 16, 355, '127.0.0.1', '2014-04-14 15:55:52', '2014-04-15 13:55:53'),
(340, 2, 16, 356, '127.0.0.1', '2014-04-14 15:55:57', '2014-04-15 13:55:57'),
(341, 2, 37, 357, '127.0.0.1', '2014-04-14 15:55:58', '2014-04-15 13:55:58'),
(342, 2, 16, 358, '127.0.0.1', '2014-04-14 15:57:06', '2014-04-15 13:57:06'),
(343, 2, 32, 359, '127.0.0.1', '2014-04-14 15:58:28', '2014-04-15 13:58:28'),
(344, 3, 27, 360, '127.0.0.1', '2014-04-14 16:01:32', '2014-04-15 14:01:32'),
(345, 2, 16, 361, '127.0.0.1', '2014-04-14 16:01:46', '2014-04-15 14:01:46'),
(346, 2, 16, 362, '127.0.0.1', '2014-04-14 16:03:04', '2014-04-15 14:03:04'),
(347, 2, 16, 363, '127.0.0.1', '2014-04-14 16:03:04', '2014-04-15 14:03:04'),
(348, 2, 34, 364, '127.0.0.1', '2014-04-14 16:03:04', '2014-04-15 14:03:04'),
(349, 2, 32, 365, '127.0.0.1', '2014-04-14 16:21:56', '2014-04-15 14:21:56'),
(350, 2, 16, 366, '127.0.0.1', '2014-04-14 16:23:22', '2014-04-15 14:23:23'),
(351, 2, 29, 367, '127.0.0.1', '2014-04-14 16:23:55', '2014-04-15 14:23:55'),
(352, 2, 35, 368, '192.168.0.163', '2014-04-14 16:26:53', '2014-04-15 14:26:53'),
(353, 2, 35, 369, '192.168.0.163', '2014-04-14 16:29:15', '2014-04-15 14:29:15'),
(354, 2, 35, 370, '192.168.0.163', '2014-04-14 16:29:15', '2014-04-15 14:29:15'),
(355, 3, 27, 371, '192.168.0.163', '2014-04-14 16:29:15', '2014-04-15 14:29:15'),
(356, 2, 35, 372, '192.168.0.163', '2014-04-14 16:30:34', '2014-04-15 14:30:34'),
(357, 2, 35, 373, '192.168.0.163', '2014-04-14 16:30:34', '2014-04-15 14:30:34'),
(358, 3, 27, 374, '192.168.0.163', '2014-04-14 16:30:34', '2014-04-15 14:30:34'),
(359, 4, 44, 375, '192.168.0.163', '2014-04-14 16:30:34', '2014-04-15 14:30:34'),
(360, 2, 36, 376, '192.168.0.129', '2014-04-14 17:44:58', '2014-04-15 15:44:58'),
(361, 3, 17, 377, '192.168.0.115', '2014-04-14 17:45:41', '2014-04-15 15:45:41'),
(362, 3, 17, 378, '192.168.0.115', '2014-04-14 17:47:30', '2014-04-15 15:47:31'),
(363, 2, 35, 379, '192.168.0.115', '2014-04-14 17:47:31', '2014-04-15 15:47:31'),
(364, 3, 17, 380, '192.168.0.115', '2014-04-14 17:47:39', '2014-04-15 15:47:39'),
(365, 2, 35, 381, '192.168.0.115', '2014-04-14 17:47:39', '2014-04-15 15:47:39'),
(366, 4, 39, 382, '192.168.0.115', '2014-04-14 17:47:39', '2014-04-15 15:47:39'),
(367, 2, 16, 383, '192.168.0.115', '2014-04-14 17:47:58', '2014-04-15 15:47:58'),
(368, 2, 16, 384, '192.168.0.115', '2014-04-14 17:48:08', '2014-04-15 15:48:09'),
(369, 3, 38, 385, '192.168.0.115', '2014-04-14 17:48:09', '2014-04-15 15:48:09'),
(370, 2, 16, 386, '192.168.0.115', '2014-04-14 17:48:16', '2014-04-15 15:48:16'),
(371, 3, 38, 387, '192.168.0.115', '2014-04-14 17:48:16', '2014-04-15 15:48:16'),
(372, 4, 23, 388, '192.168.0.115', '2014-04-14 17:48:17', '2014-04-15 15:48:17'),
(373, 2, 16, 389, '192.168.0.115', '2014-04-14 17:48:28', '2014-04-15 15:48:28'),
(374, 3, 38, 390, '192.168.0.115', '2014-04-14 17:48:28', '2014-04-15 15:48:28'),
(375, 4, 23, 391, '192.168.0.115', '2014-04-14 17:48:28', '2014-04-15 15:48:28'),
(376, 4, 23, 392, '192.168.0.115', '2014-04-14 17:48:28', '2014-04-15 15:48:28'),
(377, 2, 16, 393, '192.168.0.115', '2014-04-14 17:48:40', '2014-04-15 15:48:40'),
(378, 3, 38, 394, '192.168.0.115', '2014-04-14 17:48:40', '2014-04-15 15:48:40'),
(379, 4, 23, 395, '192.168.0.115', '2014-04-14 17:48:40', '2014-04-15 15:48:40'),
(380, 4, 23, 396, '192.168.0.115', '2014-04-14 17:48:41', '2014-04-15 15:48:41'),
(381, 4, 23, 397, '192.168.0.115', '2014-04-14 17:48:41', '2014-04-15 15:48:41'),
(382, 3, 38, 398, '127.0.0.1', '2014-04-14 17:51:56', '2014-04-15 15:51:56'),
(383, 3, 38, 399, '127.0.0.1', '2014-04-14 17:52:02', '2014-04-15 15:52:02'),
(384, 2, 16, 400, '127.0.0.1', '2014-04-14 17:52:02', '2014-04-15 15:52:02'),
(385, 3, 38, 401, '127.0.0.1', '2014-04-14 17:52:16', '2014-04-15 15:52:17'),
(386, 2, 16, 402, '127.0.0.1', '2014-04-14 17:52:17', '2014-04-15 15:52:17'),
(387, 3, 38, 403, '127.0.0.1', '2014-04-14 17:52:17', '2014-04-15 15:52:17'),
(388, 3, 38, 404, '127.0.0.1', '2014-04-14 17:53:21', '2014-04-15 15:53:21'),
(389, 3, 38, 405, '127.0.0.1', '2014-04-14 17:53:29', '2014-04-15 15:53:29'),
(390, 2, 16, 406, '127.0.0.1', '2014-04-14 17:53:29', '2014-04-15 15:53:29'),
(391, 2, 16, 407, '127.0.0.1', '2014-04-14 17:53:52', '2014-04-15 15:53:52'),
(392, 2, 16, 408, '127.0.0.1', '2014-04-14 17:53:58', '2014-04-15 15:53:58'),
(393, 3, 38, 409, '127.0.0.1', '2014-04-14 17:53:58', '2014-04-15 15:53:58'),
(394, 2, 16, 410, '127.0.0.1', '2014-04-14 17:55:00', '2014-04-15 15:55:00'),
(395, 2, 16, 411, '127.0.0.1', '2014-04-14 17:55:07', '2014-04-15 15:55:07'),
(396, 3, 38, 412, '127.0.0.1', '2014-04-14 17:55:07', '2014-04-15 15:55:07'),
(397, 2, 16, 413, '127.0.0.1', '2014-04-14 17:55:15', '2014-04-15 15:55:15'),
(398, 3, 38, 414, '127.0.0.1', '2014-04-14 17:55:15', '2014-04-15 15:55:15'),
(399, 3, 38, 415, '127.0.0.1', '2014-04-14 17:55:15', '2014-04-15 15:55:15'),
(400, 2, 16, 416, '127.0.0.1', '2014-04-14 17:55:21', '2014-04-15 15:55:21'),
(401, 3, 38, 417, '127.0.0.1', '2014-04-14 17:55:21', '2014-04-15 15:55:21'),
(402, 3, 38, 418, '127.0.0.1', '2014-04-14 17:55:21', '2014-04-15 15:55:21'),
(403, 3, 38, 419, '127.0.0.1', '2014-04-14 17:55:21', '2014-04-15 15:55:21'),
(404, 2, 16, 420, '127.0.0.1', '2014-04-14 17:55:29', '2014-04-15 15:55:29'),
(405, 3, 38, 421, '127.0.0.1', '2014-04-14 17:55:29', '2014-04-15 15:55:29'),
(406, 3, 38, 422, '127.0.0.1', '2014-04-14 17:55:29', '2014-04-15 15:55:29'),
(407, 3, 38, 423, '127.0.0.1', '2014-04-14 17:55:29', '2014-04-15 15:55:29'),
(408, 3, 38, 424, '127.0.0.1', '2014-04-14 17:55:29', '2014-04-15 15:55:29'),
(409, 0, 0, 425, '127.0.0.1', '2014-04-14 17:58:19', '2014-04-15 15:58:19'),
(410, 2, 16, 426, '127.0.0.1', '2014-04-14 18:00:16', '2014-04-15 16:00:16'),
(411, 2, 16, 427, '127.0.0.1', '2014-04-14 18:00:23', '2014-04-15 16:00:23'),
(412, 3, 38, 428, '127.0.0.1', '2014-04-14 18:00:23', '2014-04-15 16:00:23'),
(413, 2, 16, 429, '127.0.0.1', '2014-04-14 18:01:42', '2014-04-15 16:01:42'),
(414, 2, 16, 430, '127.0.0.1', '2014-04-14 18:01:48', '2014-04-15 16:01:48'),
(415, 3, 38, 431, '127.0.0.1', '2014-04-14 18:01:48', '2014-04-15 16:01:48'),
(416, 2, 16, 432, '127.0.0.1', '2014-04-14 18:02:28', '2014-04-15 16:02:28'),
(417, 2, 16, 433, '127.0.0.1', '2014-04-14 18:02:34', '2014-04-15 16:02:34'),
(418, 3, 38, 434, '127.0.0.1', '2014-04-14 18:02:34', '2014-04-15 16:02:34'),
(419, 2, 16, 435, '127.0.0.1', '2014-04-14 18:03:46', '2014-04-15 16:03:46'),
(420, 2, 16, 436, '127.0.0.1', '2014-04-14 18:03:51', '2014-04-15 16:03:51'),
(421, 3, 38, 437, '127.0.0.1', '2014-04-14 18:03:51', '2014-04-15 16:03:51'),
(422, 2, 16, 438, '127.0.0.1', '2014-04-14 18:06:05', '2014-04-15 16:06:06'),
(423, 2, 16, 439, '127.0.0.1', '2014-04-14 18:06:11', '2014-04-15 16:06:11'),
(424, 3, 38, 440, '127.0.0.1', '2014-04-14 18:06:11', '2014-04-15 16:06:11'),
(425, 2, 16, 441, '127.0.0.1', '2014-04-14 18:06:42', '2014-04-15 16:06:42'),
(426, 2, 16, 442, '127.0.0.1', '2014-04-14 18:06:54', '2014-04-15 16:06:54'),
(427, 3, 38, 443, '127.0.0.1', '2014-04-14 18:06:54', '2014-04-15 16:06:54'),
(428, 2, 16, 444, '127.0.0.1', '2014-04-14 18:07:29', '2014-04-15 16:07:29'),
(429, 2, 16, 445, '127.0.0.1', '2014-04-14 18:07:54', '2014-04-15 16:07:54'),
(430, 2, 16, 446, '127.0.0.1', '2014-04-14 18:08:18', '2014-04-15 16:08:18'),
(431, 2, 16, 447, '127.0.0.1', '2014-04-14 18:08:30', '2014-04-15 16:08:30'),
(432, 3, 38, 448, '127.0.0.1', '2014-04-14 18:08:30', '2014-04-15 16:08:30'),
(433, 2, 16, 449, '127.0.0.1', '2014-04-14 18:09:23', '2014-04-15 16:09:23'),
(434, 3, 38, 450, '127.0.0.1', '2014-04-14 18:09:31', '2014-04-15 16:09:31'),
(435, 2, 16, 451, '127.0.0.1', '2014-04-14 18:09:40', '2014-04-15 16:09:40'),
(436, 3, 38, 452, '127.0.0.1', '2014-04-14 18:09:44', '2014-04-15 16:09:44'),
(437, 4, 44, 453, '127.0.0.1', '2014-04-14 18:09:50', '2014-04-15 16:09:50'),
(438, 4, 44, 454, '127.0.0.1', '2014-04-14 18:09:56', '2014-04-15 16:09:56'),
(439, 2, 16, 455, '127.0.0.1', '2014-04-14 18:11:22', '2014-04-15 16:11:22'),
(440, 2, 16, 456, '127.0.0.1', '2014-04-14 18:11:39', '2014-04-15 16:11:39'),
(441, 2, 16, 457, '127.0.0.1', '2014-04-14 18:16:01', '2014-04-15 16:16:01'),
(442, 2, 16, 458, '127.0.0.1', '2014-04-14 18:16:13', '2014-04-15 16:16:13'),
(443, 2, 16, 459, '127.0.0.1', '2014-04-14 18:16:35', '2014-04-15 16:16:35'),
(444, 2, 16, 460, '127.0.0.1', '2014-04-14 18:16:40', '2014-04-15 16:16:40'),
(445, 2, 16, 461, '127.0.0.1', '2014-04-14 18:23:29', '2014-04-15 16:23:30'),
(446, 2, 16, 462, '192.168.0.163', '2014-04-14 18:25:11', '2014-04-15 16:25:11'),
(447, 2, 16, 463, '192.168.0.163', '2014-04-14 18:25:19', '2014-04-15 16:25:20'),
(448, 2, 16, 464, '192.168.0.163', '2014-04-14 18:25:26', '2014-04-15 16:25:26'),
(449, 3, 22, 465, '192.168.0.163', '2014-04-14 18:25:40', '2014-04-15 16:25:41'),
(450, 3, 22, 466, '192.168.0.163', '2014-04-14 18:25:48', '2014-04-15 16:25:48'),
(451, 2, 16, 467, '127.0.0.1', '2014-04-14 18:26:13', '2014-04-15 16:26:13'),
(452, 21, 26, 468, '127.0.0.1', '2014-04-14 18:26:53', '2014-04-15 16:26:53'),
(453, 2, 16, 469, '127.0.0.1', '2014-04-14 19:20:58', '2014-04-15 17:20:58'),
(454, 2, 29, 470, '127.0.0.1', '2014-04-14 19:21:05', '2014-04-15 17:21:05'),
(455, 2, 16, 471, '192.168.0.129', '2014-04-14 19:25:20', '2014-04-15 17:25:20'),
(456, 3, 22, 472, '192.168.0.129', '2014-04-14 19:25:28', '2014-04-15 17:25:28'),
(457, 2, 16, 473, '127.0.0.1', '2014-04-14 19:27:51', '2014-04-15 17:27:51'),
(458, 3, 22, 474, '127.0.0.1', '2014-04-14 19:27:57', '2014-04-15 17:27:57'),
(459, 2, 16, 475, '127.0.0.1', '2014-04-14 19:28:28', '2014-04-15 17:28:29'),
(460, 2, 16, 476, '127.0.0.1', '2014-04-14 19:28:47', '2014-04-15 17:28:47'),
(461, 2, 16, 477, '127.0.0.1', '2014-04-14 19:29:26', '2014-04-15 17:29:26'),
(462, 2, 16, 478, '127.0.0.1', '2014-04-14 19:29:50', '2014-04-15 17:29:50'),
(463, 3, 38, 479, '127.0.0.1', '2014-04-14 19:29:57', '2014-04-15 17:29:57'),
(464, 3, 27, 480, '127.0.0.1', '2014-04-14 19:30:27', '2014-04-15 17:30:27'),
(465, 3, 27, 481, '127.0.0.1', '2014-04-14 19:30:34', '2014-04-15 17:30:34'),
(466, 41, 0, 482, '127.0.0.1', '2014-04-14 19:30:55', '2014-04-15 17:30:55'),
(467, 41, 0, 483, '127.0.0.1', '2014-04-14 19:31:02', '2014-04-15 17:31:03'),
(468, 41, 0, 484, '127.0.0.1', '2014-04-14 19:31:52', '2014-04-15 17:31:52'),
(469, 39, 72, 485, '127.0.0.1', '2014-04-14 19:32:37', '2014-04-15 17:32:37'),
(470, 41, 0, 486, '127.0.0.1', '2014-04-14 19:32:49', '2014-04-15 17:32:49'),
(471, 40, 74, 487, '127.0.0.1', '2014-04-15 08:23:43', '2014-04-16 06:23:43'),
(472, 52, 75, 488, '127.0.0.1', '2014-04-15 08:23:53', '2014-04-16 06:23:53'),
(473, 1, 76, 489, '127.0.0.1', '2014-04-15 08:34:24', '2014-04-16 06:34:24'),
(474, 2, 29, 490, '127.0.0.1', '2014-04-15 08:34:47', '2014-04-16 06:34:47'),
(475, 2, 37, 491, '127.0.0.1', '2014-04-15 08:34:59', '2014-04-16 06:34:59'),
(476, 52, 77, 492, '127.0.0.1', '2014-04-15 08:35:45', '2014-04-16 06:35:45'),
(477, 1, 78, 493, '127.0.0.1', '2014-04-15 09:01:29', '2014-04-16 07:01:30'),
(478, 1, 79, 494, '192.168.0.163', '2014-04-15 09:19:42', '2014-04-16 07:19:42'),
(479, 1, 79, 495, '192.168.0.163', '2014-04-15 09:23:26', '2014-04-16 07:23:27'),
(480, 1, 79, 496, '192.168.0.163', '2014-04-15 09:25:31', '2014-04-16 07:25:31'),
(481, 3, 22, 497, '192.168.0.163', '2014-04-15 09:26:36', '2014-04-16 07:26:37'),
(482, 1, 79, 498, '192.168.0.163', '2014-04-15 09:27:16', '2014-04-16 07:27:16'),
(483, 1, 79, 499, '192.168.0.163', '2014-04-15 09:27:39', '2014-04-16 07:27:39'),
(484, 58, 80, 500, '127.0.0.1', '2014-04-15 10:34:03', '2014-04-16 08:34:03'),
(485, 69, 81, 501, '127.0.0.1', '2014-04-15 10:47:58', '2014-04-16 08:47:58'),
(486, 69, 81, 502, '127.0.0.1', '2014-04-15 10:48:22', '2014-04-16 08:48:22'),
(487, 62, 82, 503, '127.0.0.1', '2014-04-15 10:48:33', '2014-04-16 08:48:33'),
(488, 62, 82, 504, '127.0.0.1', '2014-04-15 10:48:50', '2014-04-16 08:48:50'),
(489, 62, 82, 505, '127.0.0.1', '2014-04-15 10:49:05', '2014-04-16 08:49:06'),
(490, 1, 78, 506, '192.168.0.115', '2014-04-15 11:52:46', '2014-04-16 09:52:46'),
(491, 2, 36, 507, '192.168.0.115', '2014-04-15 14:53:35', '2014-04-16 12:53:35'),
(492, 2, 36, 508, '192.168.0.115', '2014-04-15 14:53:43', '2014-04-16 12:53:43'),
(493, 2, 36, 509, '192.168.0.115', '2014-04-15 14:53:49', '2014-04-16 12:53:49'),
(494, 2, 36, 510, '192.168.0.115', '2014-04-15 14:53:55', '2014-04-16 12:53:56'),
(495, 1, 83, 511, '127.0.0.1', '2014-04-15 15:17:23', '2014-04-16 13:17:23'),
(496, 3, 24, 512, '127.0.0.1', '2014-04-15 15:19:27', '2014-04-16 13:19:28'),
(497, 4, 41, 513, '127.0.0.1', '2014-04-15 15:30:38', '2014-04-16 13:30:38'),
(498, 4, 41, 514, '127.0.0.1', '2014-04-15 15:30:55', '2014-04-16 13:30:55'),
(499, 1, 83, 515, '127.0.0.1', '2014-04-15 15:55:00', '2014-04-16 13:55:00'),
(500, 1, 83, 516, '127.0.0.1', '2014-04-15 15:55:04', '2014-04-16 13:55:04'),
(501, 1, 83, 517, '127.0.0.1', '2014-04-15 15:55:07', '2014-04-16 13:55:07'),
(502, 3, 20, 518, '127.0.0.1', '2014-04-15 15:59:03', '2014-04-16 13:59:03'),
(503, 3, 20, 519, '127.0.0.1', '2014-04-15 15:59:09', '2014-04-16 13:59:09'),
(504, 3, 20, 520, '127.0.0.1', '2014-04-15 15:59:14', '2014-04-16 13:59:14'),
(505, 6, 84, 521, '127.0.0.1', '2014-04-15 16:17:51', '2014-04-16 14:17:51'),
(506, 1, 85, 522, '127.0.0.1', '2014-04-15 16:29:24', '2014-04-16 14:29:24'),
(507, 1, 86, 523, '127.0.0.1', '2014-04-15 16:31:53', '2014-04-16 14:31:53'),
(508, 1, 87, 524, '127.0.0.1', '2014-04-15 16:32:57', '2014-04-16 14:32:57'),
(509, 13, 88, 525, '127.0.0.1', '2014-04-15 16:33:10', '2014-04-16 14:33:10'),
(510, 13, 88, 526, '127.0.0.1', '2014-04-15 16:34:49', '2014-04-16 14:34:49'),
(511, 13, 88, 527, '127.0.0.1', '2014-04-15 16:34:55', '2014-04-16 14:34:55');

-- --------------------------------------------------------

--
-- Tabellenstruktur für Tabelle `opinion`
--

CREATE TABLE IF NOT EXISTS `opinion` (
  `opinion_id` bigint(20) NOT NULL AUTO_INCREMENT,
  `awards_id` int(10) NOT NULL,
  `pfuscher_id` int(10) NOT NULL,
  `plus` int(1) NOT NULL,
  `neutral` int(1) NOT NULL,
  `minus` int(1) NOT NULL,
  `opinion` int(1) NOT NULL,
  `comment` text NOT NULL,
  `added` timestamp NOT NULL DEFAULT CURRENT_TIMESTAMP,
  PRIMARY KEY (`opinion_id`),
  KEY `pfuscher_id` (`pfuscher_id`),
  KEY `awards_id` (`awards_id`)
) ENGINE=InnoDB  DEFAULT CHARSET=utf8 AUTO_INCREMENT=82 ;

--
-- Daten für Tabelle `opinion`
--

INSERT INTO `opinion` (`opinion_id`, `awards_id`, `pfuscher_id`, `plus`, `neutral`, `minus`, `opinion`, `comment`, `added`) VALUES
(11, 29, 2, 0, 0, 0, 1, 'test', '2014-04-15 15:39:28'),
(12, 29, 2, 0, 0, 0, 0, 'test', '2014-04-15 15:39:31'),
(13, 29, 2, 0, 0, 0, -1, 'test', '2014-04-15 15:39:34'),
(14, 16, 2, 0, 0, 0, 1, '', '2014-04-15 15:40:17'),
(15, 16, 2, 0, 0, 0, -1, '', '2014-04-15 15:40:20'),
(16, 16, 2, 0, 0, 0, 1, '', '2014-04-15 15:40:21'),
(17, 16, 2, 0, 0, 0, 1, '', '2014-04-15 15:40:23'),
(18, 19, 2, 0, 0, 0, 0, '', '2014-04-15 15:42:19'),
(19, 19, 2, 0, 0, 0, 1, '', '2014-04-15 15:42:45'),
(20, 19, 2, 0, 0, 0, 1, '', '2014-04-15 15:42:53'),
(21, 19, 2, 0, 0, 0, -1, '', '2014-04-15 15:42:58'),
(22, 36, 2, 0, 0, 0, 1, '', '2014-04-15 15:44:42'),
(23, 36, 2, 0, 0, 0, 1, '', '2014-04-15 15:44:46'),
(24, 36, 2, 0, 0, 0, -1, '', '2014-04-15 15:44:49'),
(25, 36, 2, 0, 0, 0, -1, '', '2014-04-15 15:44:51'),
(26, 36, 2, 0, 0, 0, 1, '', '2014-04-15 15:44:54'),
(27, 17, 3, 0, 0, 0, 1, '', '2014-04-15 15:45:27'),
(28, 17, 3, 0, 0, 0, 1, '', '2014-04-15 15:45:29'),
(29, 17, 3, 0, 0, 0, 1, '', '2014-04-15 15:45:31'),
(30, 17, 3, 0, 0, 0, 1, '', '2014-04-15 15:45:32'),
(31, 17, 3, 0, 0, 0, -1, '', '2014-04-15 15:45:34'),
(32, 17, 3, 0, 0, 0, -1, '', '2014-04-15 15:45:36'),
(33, 17, 3, 0, 0, 0, 1, '', '2014-04-15 15:45:45'),
(34, 16, 2, 0, 0, 0, 1, '', '2014-04-15 16:11:25'),
(35, 16, 2, 0, 0, 0, 1, '', '2014-04-15 16:11:29'),
(36, 16, 2, 0, 0, 0, 1, '', '2014-04-15 16:11:41'),
(37, 16, 2, 0, 0, 0, 1, '', '2014-04-15 16:12:24'),
(38, 16, 2, 0, 0, 0, 1, '', '2014-04-15 16:13:14'),
(39, 16, 2, 0, 0, 0, 1, '', '2014-04-15 16:13:48'),
(40, 16, 2, 0, 0, 0, 1, 'test', '2014-04-15 16:15:02'),
(41, 29, 2, 0, 0, 0, 0, '', '2014-04-15 16:15:13'),
(42, 16, 2, 0, 0, 0, 1, '', '2014-04-15 16:16:43'),
(43, 16, 2, 0, 0, 0, 1, '', '2014-04-15 16:21:34'),
(44, 16, 2, 0, 0, 0, 1, '', '2014-04-15 16:26:00'),
(45, 16, 2, 0, 0, 0, 1, '', '2014-04-15 16:26:14'),
(46, 79, 1, 0, 0, 0, 1, '', '2014-04-16 07:19:53'),
(47, 82, 62, 0, 0, 0, 1, '', '2014-04-16 08:49:07'),
(48, 17, 3, 0, 0, 0, 1, '', '2014-04-16 12:51:52'),
(49, 36, 2, 0, 0, 0, 1, '', '2014-04-16 12:52:13'),
(50, 36, 2, 0, 0, 0, 1, '', '2014-04-16 12:52:29'),
(51, 36, 2, 0, 0, 0, 1, '', '2014-04-16 12:52:36'),
(52, 36, 2, 0, 0, 0, 1, '', '2014-04-16 12:52:46'),
(53, 36, 2, 0, 0, 0, 1, '', '2014-04-16 12:52:53'),
(54, 36, 2, 0, 0, 0, 1, '', '2014-04-16 12:53:00'),
(55, 36, 2, 0, 0, 0, 1, '', '2014-04-16 13:01:32'),
(56, 36, 2, 0, 0, 0, 1, '', '2014-04-16 13:01:40'),
(57, 36, 2, 0, 0, 0, 1, '', '2014-04-16 13:01:55'),
(58, 36, 2, 0, 0, 0, 1, '', '2014-04-16 13:02:01'),
(59, 36, 2, 0, 0, 0, 1, '', '2014-04-16 13:02:09'),
(60, 83, 1, 0, 0, 0, 1, '', '2014-04-16 13:17:39'),
(61, 83, 1, 0, 0, 0, -1, '', '2014-04-16 13:18:30'),
(62, 24, 3, 0, 0, 0, 1, '', '2014-04-16 13:19:42'),
(63, 20, 3, 0, 0, 0, 1, '', '2014-04-16 13:20:43'),
(64, 36, 2, 0, 0, 0, 1, '', '2014-04-16 13:20:56'),
(65, 19, 2, 0, 0, 0, 1, '', '2014-04-16 13:28:15'),
(66, 41, 4, 0, 0, 0, 1, '', '2014-04-16 13:28:27'),
(67, 35, 2, 0, 0, 0, 1, '', '2014-04-16 13:29:07'),
(68, 20, 3, 0, 0, 0, 1, '', '2014-04-16 13:30:00'),
(69, 23, 4, 0, 0, 0, 1, '', '2014-04-16 13:30:06'),
(70, 41, 4, 0, 0, 0, 1, '', '2014-04-16 13:30:46'),
(71, 41, 4, 0, 0, 0, 1, '', '2014-04-16 13:30:54'),
(72, 20, 3, 0, 0, 0, 1, '', '2014-04-16 13:59:32'),
(73, 20, 3, 0, 0, 0, 1, '', '2014-04-16 13:59:38'),
(74, 20, 3, 0, 0, 0, 1, '', '2014-04-16 13:59:43'),
(77, 84, 6, 0, 0, 0, 1, '', '2014-04-16 14:18:03'),
(78, 88, 13, 0, 0, 0, 1, '', '2014-04-16 14:33:18'),
(79, 88, 13, 0, 0, 0, -1, '', '2014-04-16 14:33:59'),
(80, 88, 13, 0, 0, 0, -1, '', '2014-04-16 14:35:12'),
(81, 88, 13, 0, 0, 0, -1, '', '2014-04-16 14:35:25');

-- --------------------------------------------------------

--
-- Tabellenstruktur für Tabelle `pfuscher`
--

CREATE TABLE IF NOT EXISTS `pfuscher` (
  `pfuscher_id` int(10) NOT NULL AUTO_INCREMENT,
  `title` varchar(254) NOT NULL,
  `description` text NOT NULL,
  `suggestion` varchar(254) NOT NULL DEFAULT '0',
  `added` timestamp NOT NULL DEFAULT CURRENT_TIMESTAMP,
  PRIMARY KEY (`pfuscher_id`),
  KEY `pfuscher_id` (`pfuscher_id`)
) ENGINE=InnoDB  DEFAULT CHARSET=utf8 AUTO_INCREMENT=70 ;

--
-- Daten für Tabelle `pfuscher`
--

INSERT INTO `pfuscher` (`pfuscher_id`, `title`, `description`, `suggestion`, `added`) VALUES
(1, 't1', 't2', '0', '2014-04-13 17:01:34'),
(2, 't2', 't3', '0', '2014-04-13 17:09:28'),
(3, 't3', 't4', '0', '2014-04-13 17:22:35'),
(4, 't4', 't5', '0', '2014-04-13 17:23:25'),
(5, 't4', 't5', '0', '2014-04-13 17:23:26'),
(6, 't4', 't5', '0', '2014-04-13 17:23:27'),
(7, 't4', 't5', '0', '2014-04-13 17:23:27'),
(8, 't4', 't5', '0', '2014-04-13 17:23:27'),
(9, 't4', 't5', '0', '2014-04-13 17:23:27'),
(10, 't4', 't6', '0', '2014-04-13 17:27:43'),
(11, 't7', 't6', '0', '2014-04-13 17:27:53'),
(12, 't7', 't6', '0', '2014-04-13 17:28:06'),
(13, 't7', 't6', '0', '2014-04-13 17:28:07'),
(14, 't7', 't6', '0', '2014-04-13 17:28:07'),
(15, 't9', 't9', '0', '2014-04-13 17:29:07'),
(16, 'Teilerledigung', 'Tele2', '0', '2014-04-13 17:30:35'),
(17, 'ttt', 'ttt', '0', '2014-04-13 17:33:29'),
(18, 'test', 'test+anfrage', '0', '2014-04-13 17:34:18'),
(19, 'rrrrr', 'rrrrr', '0', '2014-04-13 17:34:29'),
(20, 'rfdggg', 'gcggg', '0', '2014-04-13 17:39:30'),
(21, 'ggg', 'ggg', '0', '2014-04-14 06:39:48'),
(22, 'test', 'test', '0', '2014-04-14 06:40:30'),
(23, 'zzzz', 'zzzz', '0', '2014-04-14 06:42:55'),
(24, 'sss', 'sss', '0', '2014-04-14 06:43:26'),
(25, 'test', 'test', '0', '2014-04-14 06:44:01'),
(26, 'ipad', 'test', '0', '2014-04-14 06:54:42'),
(27, 'test', 'testfghjj', '0', '2014-04-14 06:55:34'),
(28, 'test', 'test+test', '0', '2014-04-14 07:11:12'),
(29, 'gggggg', 'gggggggg', '0', '2014-04-14 09:28:59'),
(30, 'fsfs', 'fsdfdsfsd', '0', '2014-04-14 13:46:24'),
(31, 'fsd', 'fds', '0', '2014-04-14 13:46:30'),
(32, 'teddf', 'fdffg', '0', '2014-04-14 13:46:57'),
(33, 'ghvvhg', 'hjgggh', '0', '2014-04-14 13:47:11'),
(34, 'fsdfds', 'fdsfsd', '0', '2014-04-14 15:17:32'),
(35, 'Max+Mustermann', 'CEO+Nestle', '0', '2014-04-15 11:39:32'),
(36, 'wwww', 'wwwww', 'wwww', '2014-04-15 16:53:25'),
(37, 'asdf', 'asdf', 'asdf', '2014-04-15 16:54:43'),
(38, 'fdsfsd', '', '0', '2014-04-15 16:56:39'),
(39, 'fds', '', 'fsdfds', '2014-04-15 16:58:37'),
(40, 'ddddd', '', '0', '2014-04-15 17:03:49'),
(52, 'Nöfds ', 'jfdklf jfdsk', '0', '2014-04-15 17:16:40'),
(53, 'Ggfs', 'Fghj', 'Kategprie', '2014-04-16 07:21:21'),
(54, 'test', 'test anfrage', '0', '2014-04-16 07:35:47'),
(55, 'test', 'test', '0', '2014-04-16 07:36:09'),
(56, 'fdsfsd', 'fsdfsd', '0', '2014-04-16 07:36:28'),
(57, 'hgfhgf', 'hgfhgf', '0', '2014-04-16 07:37:17'),
(58, 'bvcbv', 'bvcbcv', '0', '2014-04-16 07:38:27'),
(59, 'fds', 'fdsfsd', '0', '2014-04-16 07:40:13'),
(60, 'fds', 'fds', '0', '2014-04-16 07:41:01'),
(61, 'fdsfsd', 'fdsfsd', '0', '2014-04-16 07:42:51'),
(62, 'fdsfsd', 'fdsfsd', '0', '2014-04-16 07:44:51'),
(63, 'gfdgfd', 'gfgfd', '0', '2014-04-16 07:46:57'),
(64, 'fdsfsd', 'fsdfsdfs', '0', '2014-04-16 07:47:40'),
(65, 'fdsfsd', 'fdsfsd', '0', '2014-04-16 07:48:48'),
(66, 'fdsfsd', 'fdsfsdfsd', '0', '2014-04-16 07:49:05'),
(67, 'fdgfdg', 'gfdgdfgd', '0', '2014-04-16 07:50:17'),
(68, 'fdsfsd', 'fdsfsd', '0', '2014-04-16 07:51:14'),
(69, 'vvvvv', 'vvvvv', '0', '2014-04-16 08:02:02');

-- --------------------------------------------------------

--
-- Tabellenstruktur für Tabelle `vote`
--

CREATE TABLE IF NOT EXISTS `vote` (
  `vote_id` int(10) NOT NULL AUTO_INCREMENT,
  `awards_id` int(10) NOT NULL,
  `pfuscher_id` int(10) NOT NULL,
  `added` timestamp NOT NULL DEFAULT CURRENT_TIMESTAMP,
  PRIMARY KEY (`vote_id`),
  KEY `pfuscher_id` (`pfuscher_id`),
  KEY `vote_id` (`vote_id`),
  KEY `awards_id` (`awards_id`)
) ENGINE=InnoDB  DEFAULT CHARSET=utf8 AUTO_INCREMENT=528 ;

--
-- Daten für Tabelle `vote`
--

INSERT INTO `vote` (`vote_id`, `awards_id`, `pfuscher_id`, `added`) VALUES
(49, 16, 2, '2014-04-15 09:24:05'),
(50, 27, 3, '2014-04-15 09:24:18'),
(51, 19, 2, '2014-04-15 09:24:30'),
(52, 17, 3, '2014-04-15 09:24:33'),
(53, 16, 2, '2014-04-15 09:25:12'),
(54, 28, 4, '2014-04-15 09:25:23'),
(55, 29, 2, '2014-04-15 09:59:37'),
(56, 22, 3, '2014-04-15 09:59:41'),
(57, 18, 3, '2014-04-15 09:59:45'),
(58, 30, 3, '2014-04-15 09:59:48'),
(59, 31, 3, '2014-04-15 09:59:50'),
(60, 32, 2, '2014-04-15 10:00:29'),
(61, 33, 2, '2014-04-15 10:02:08'),
(62, 33, 2, '2014-04-15 10:02:32'),
(63, 33, 2, '2014-04-15 10:03:52'),
(64, 32, 2, '2014-04-15 10:03:54'),
(65, 34, 2, '2014-04-15 10:03:58'),
(66, 30, 3, '2014-04-15 10:04:00'),
(67, 24, 3, '2014-04-15 10:04:05'),
(68, 20, 3, '2014-04-15 10:04:08'),
(69, 35, 2, '2014-04-15 10:08:23'),
(70, 29, 2, '2014-04-15 10:09:53'),
(71, 36, 2, '2014-04-15 10:13:58'),
(72, 37, 2, '2014-04-15 10:14:17'),
(73, 19, 2, '2014-04-15 10:15:26'),
(74, 18, 3, '2014-04-15 10:15:56'),
(75, 38, 3, '2014-04-15 10:16:04'),
(76, 31, 3, '2014-04-15 10:17:25'),
(77, 17, 3, '2014-04-15 10:17:36'),
(78, 21, 4, '2014-04-15 10:18:50'),
(79, 23, 4, '2014-04-15 10:19:29'),
(80, 39, 4, '2014-04-15 10:19:41'),
(81, 16, 2, '2014-04-15 10:23:43'),
(82, 22, 3, '2014-04-15 10:25:04'),
(83, 40, 4, '2014-04-15 10:25:07'),
(84, 41, 4, '2014-04-15 10:25:10'),
(85, 42, 4, '2014-04-15 10:25:12'),
(86, 43, 4, '2014-04-15 10:25:21'),
(87, 44, 4, '2014-04-15 10:25:25'),
(88, 28, 4, '2014-04-15 10:26:55'),
(89, 25, 5, '2014-04-15 10:28:34'),
(90, 45, 5, '2014-04-15 10:28:36'),
(91, 41, 4, '2014-04-15 10:28:38'),
(92, 40, 4, '2014-04-15 10:28:39'),
(93, 28, 4, '2014-04-15 10:28:40'),
(94, 33, 2, '2014-04-15 10:28:42'),
(95, 19, 2, '2014-04-15 10:28:43'),
(96, 31, 3, '2014-04-15 10:28:45'),
(97, 18, 3, '2014-04-15 10:28:46'),
(98, 17, 3, '2014-04-15 10:28:47'),
(99, 46, 5, '2014-04-15 10:28:49'),
(100, 47, 6, '2014-04-15 10:28:53'),
(101, 48, 6, '2014-04-15 10:28:54'),
(102, 49, 6, '2014-04-15 10:28:54'),
(103, 50, 7, '2014-04-15 10:29:01'),
(104, 51, 7, '2014-04-15 10:29:03'),
(105, 52, 8, '2014-04-15 10:29:07'),
(106, 53, 8, '2014-04-15 10:29:07'),
(107, 23, 4, '2014-04-15 10:29:22'),
(108, 39, 4, '2014-04-15 10:29:24'),
(109, 54, 11, '2014-04-15 10:29:54'),
(110, 55, 10, '2014-04-15 10:29:56'),
(111, 56, 11, '2014-04-15 10:29:57'),
(112, 57, 12, '2014-04-15 10:29:58'),
(113, 16, 2, '2014-04-15 10:36:57'),
(114, 16, 2, '2014-04-15 10:38:05'),
(115, 16, 2, '2014-04-15 10:38:16'),
(116, 16, 2, '2014-04-15 10:38:21'),
(117, 16, 2, '2014-04-15 10:39:01'),
(118, 16, 2, '2014-04-15 10:39:03'),
(119, 16, 2, '2014-04-15 10:39:05'),
(120, 16, 2, '2014-04-15 10:39:09'),
(121, 16, 2, '2014-04-15 10:39:10'),
(122, 16, 2, '2014-04-15 10:49:03'),
(123, 16, 2, '2014-04-15 10:49:05'),
(124, 16, 2, '2014-04-15 10:49:07'),
(125, 16, 2, '2014-04-15 10:49:11'),
(126, 16, 2, '2014-04-15 10:49:12'),
(127, 16, 2, '2014-04-15 10:49:13'),
(128, 29, 2, '2014-04-15 10:49:51'),
(129, 18, 3, '2014-04-15 10:49:52'),
(130, 22, 3, '2014-04-15 10:49:53'),
(131, 27, 3, '2014-04-15 10:49:54'),
(132, 30, 3, '2014-04-15 10:49:54'),
(133, 17, 3, '2014-04-15 10:49:55'),
(134, 24, 3, '2014-04-15 10:49:55'),
(135, 31, 3, '2014-04-15 10:49:56'),
(136, 20, 3, '2014-04-15 10:49:56'),
(137, 38, 3, '2014-04-15 10:49:57'),
(138, 37, 2, '2014-04-15 10:49:58'),
(139, 36, 2, '2014-04-15 10:49:59'),
(140, 35, 2, '2014-04-15 10:49:59'),
(141, 19, 2, '2014-04-15 10:49:59'),
(142, 34, 2, '2014-04-15 10:50:00'),
(143, 33, 2, '2014-04-15 10:50:00'),
(144, 32, 2, '2014-04-15 10:50:01'),
(145, 29, 2, '2014-04-15 10:50:01'),
(146, 16, 2, '2014-04-15 10:50:02'),
(147, 16, 2, '2014-04-15 10:53:04'),
(148, 16, 2, '2014-04-15 10:53:20'),
(149, 16, 2, '2014-04-15 10:54:36'),
(150, 16, 2, '2014-04-15 10:55:46'),
(151, 16, 2, '2014-04-15 10:55:47'),
(152, 16, 2, '2014-04-15 10:55:48'),
(153, 16, 2, '2014-04-15 10:55:49'),
(154, 16, 2, '2014-04-15 10:55:49'),
(155, 16, 2, '2014-04-15 10:55:49'),
(156, 16, 2, '2014-04-15 10:55:50'),
(157, 16, 2, '2014-04-15 10:55:50'),
(158, 16, 2, '2014-04-15 10:55:50'),
(159, 16, 2, '2014-04-15 10:55:50'),
(160, 32, 2, '2014-04-15 10:55:51'),
(161, 32, 2, '2014-04-15 10:55:52'),
(162, 32, 2, '2014-04-15 10:55:52'),
(163, 32, 2, '2014-04-15 10:55:52'),
(164, 33, 2, '2014-04-15 10:55:53'),
(165, 33, 2, '2014-04-15 10:55:53'),
(166, 33, 2, '2014-04-15 10:55:53'),
(167, 34, 2, '2014-04-15 10:55:54'),
(168, 34, 2, '2014-04-15 10:55:54'),
(169, 34, 2, '2014-04-15 10:55:54'),
(170, 19, 2, '2014-04-15 10:55:55'),
(171, 19, 2, '2014-04-15 10:55:55'),
(172, 19, 2, '2014-04-15 10:55:55'),
(173, 31, 3, '2014-04-15 10:55:57'),
(174, 31, 3, '2014-04-15 10:55:57'),
(175, 24, 3, '2014-04-15 10:55:58'),
(176, 24, 3, '2014-04-15 10:55:58'),
(177, 24, 3, '2014-04-15 10:55:59'),
(178, 30, 3, '2014-04-15 10:55:59'),
(179, 30, 3, '2014-04-15 10:56:00'),
(180, 30, 3, '2014-04-15 10:56:00'),
(181, 16, 2, '2014-04-15 10:56:38'),
(182, 16, 2, '2014-04-15 10:56:38'),
(183, 16, 2, '2014-04-15 10:56:38'),
(184, 16, 2, '2014-04-15 10:56:38'),
(185, 16, 2, '2014-04-15 10:57:11'),
(186, 29, 2, '2014-04-15 10:57:12'),
(187, 32, 2, '2014-04-15 10:57:13'),
(188, 33, 2, '2014-04-15 10:57:13'),
(189, 34, 2, '2014-04-15 10:57:15'),
(190, 32, 2, '2014-04-15 11:02:31'),
(191, 33, 2, '2014-04-15 11:02:32'),
(192, 34, 2, '2014-04-15 11:02:34'),
(193, 19, 2, '2014-04-15 11:02:35'),
(194, 35, 2, '2014-04-15 11:02:35'),
(195, 24, 3, '2014-04-15 11:02:37'),
(196, 32, 2, '2014-04-15 11:02:50'),
(197, 33, 2, '2014-04-15 11:02:51'),
(198, 30, 3, '2014-04-15 11:02:52'),
(199, 32, 2, '2014-04-15 11:04:22'),
(200, 32, 2, '2014-04-15 11:04:33'),
(201, 33, 2, '2014-04-15 11:04:35'),
(202, 33, 2, '2014-04-15 11:05:00'),
(203, 33, 2, '2014-04-15 11:05:11'),
(204, 32, 2, '2014-04-15 11:05:13'),
(205, 33, 2, '2014-04-15 11:05:45'),
(206, 33, 2, '2014-04-15 11:05:58'),
(207, 34, 2, '2014-04-15 11:06:00'),
(208, 33, 2, '2014-04-15 11:06:13'),
(209, 34, 2, '2014-04-15 11:06:16'),
(210, 33, 2, '2014-04-15 11:06:41'),
(211, 33, 2, '2014-04-15 11:06:55'),
(212, 34, 2, '2014-04-15 11:06:59'),
(213, 32, 2, '2014-04-15 11:07:01'),
(214, 32, 2, '2014-04-15 11:07:21'),
(215, 33, 2, '2014-04-15 11:07:23'),
(216, 32, 2, '2014-04-15 11:07:37'),
(217, 32, 2, '2014-04-15 11:07:40'),
(218, 32, 2, '2014-04-15 11:07:42'),
(219, 32, 2, '2014-04-15 11:09:27'),
(220, 32, 2, '2014-04-15 11:09:59'),
(221, 33, 2, '2014-04-15 11:10:01'),
(222, 34, 2, '2014-04-15 11:10:03'),
(223, 19, 2, '2014-04-15 11:10:05'),
(224, 19, 2, '2014-04-15 11:10:07'),
(225, 19, 2, '2014-04-15 11:10:09'),
(226, 19, 2, '2014-04-15 11:10:10'),
(227, 19, 2, '2014-04-15 11:10:12'),
(228, 32, 2, '2014-04-15 11:11:06'),
(229, 33, 2, '2014-04-15 11:11:10'),
(230, 33, 2, '2014-04-15 11:11:24'),
(231, 34, 2, '2014-04-15 11:11:26'),
(232, 19, 2, '2014-04-15 11:11:29'),
(233, 20, 3, '2014-04-15 11:12:34'),
(234, 38, 3, '2014-04-15 11:12:37'),
(235, 31, 3, '2014-04-15 11:12:39'),
(236, 24, 3, '2014-04-15 11:12:42'),
(237, 17, 3, '2014-04-15 11:12:44'),
(238, 16, 2, '2014-04-15 11:12:47'),
(239, 29, 2, '2014-04-15 11:12:49'),
(240, 32, 2, '2014-04-15 11:12:52'),
(241, 32, 2, '2014-04-15 11:13:04'),
(242, 33, 2, '2014-04-15 11:13:07'),
(243, 34, 2, '2014-04-15 11:13:09'),
(244, 32, 2, '2014-04-15 11:14:38'),
(245, 32, 2, '2014-04-15 11:15:12'),
(246, 33, 2, '2014-04-15 11:15:34'),
(247, 33, 2, '2014-04-15 11:15:51'),
(248, 33, 2, '2014-04-15 11:16:02'),
(249, 33, 2, '2014-04-15 11:16:19'),
(250, 32, 2, '2014-04-15 11:16:44'),
(251, 32, 2, '2014-04-15 11:17:03'),
(252, 33, 2, '2014-04-15 11:17:05'),
(253, 34, 2, '2014-04-15 11:17:07'),
(254, 19, 2, '2014-04-15 11:17:09'),
(255, 31, 3, '2014-04-15 11:17:26'),
(256, 39, 4, '2014-04-15 11:17:29'),
(257, 28, 4, '2014-04-15 11:17:31'),
(258, 42, 4, '2014-04-15 11:17:34'),
(259, 42, 4, '2014-04-15 11:17:36'),
(260, 42, 4, '2014-04-15 11:17:38'),
(261, 30, 3, '2014-04-15 11:17:42'),
(262, 40, 4, '2014-04-15 11:17:44'),
(263, 42, 4, '2014-04-15 11:17:47'),
(264, 58, 5, '2014-04-15 11:17:51'),
(265, 45, 5, '2014-04-15 11:17:53'),
(266, 59, 5, '2014-04-15 11:17:55'),
(267, 46, 5, '2014-04-15 11:17:58'),
(268, 60, 5, '2014-04-15 11:18:00'),
(269, 61, 5, '2014-04-15 11:18:03'),
(270, 25, 5, '2014-04-15 11:18:06'),
(271, 62, 5, '2014-04-15 11:18:09'),
(272, 20, 3, '2014-04-15 11:18:58'),
(273, 17, 3, '2014-04-15 11:19:16'),
(274, 31, 3, '2014-04-15 11:19:19'),
(275, 20, 3, '2014-04-15 11:19:21'),
(276, 38, 3, '2014-04-15 11:19:24'),
(277, 18, 3, '2014-04-15 11:19:26'),
(278, 30, 3, '2014-04-15 11:19:29'),
(279, 24, 3, '2014-04-15 11:19:31'),
(280, 18, 3, '2014-04-15 11:26:30'),
(281, 17, 3, '2014-04-15 11:26:33'),
(282, 36, 2, '2014-04-15 11:35:34'),
(283, 24, 3, '2014-04-15 11:35:36'),
(284, 35, 2, '2014-04-15 11:36:31'),
(285, 33, 2, '2014-04-15 11:36:34'),
(286, 16, 2, '2014-04-15 11:36:58'),
(287, 16, 2, '2014-04-15 11:37:00'),
(288, 16, 2, '2014-04-15 11:37:03'),
(289, 19, 2, '2014-04-15 11:37:05'),
(290, 22, 3, '2014-04-15 11:37:08'),
(291, 18, 3, '2014-04-15 11:37:10'),
(292, 36, 2, '2014-04-15 11:37:25'),
(293, 58, 5, '2014-04-15 11:38:01'),
(294, 46, 5, '2014-04-15 11:38:04'),
(295, 63, 5, '2014-04-15 11:38:06'),
(296, 35, 2, '2014-04-15 11:38:10'),
(297, 19, 2, '2014-04-15 11:38:13'),
(298, 32, 2, '2014-04-15 11:38:15'),
(299, 37, 2, '2014-04-15 11:38:17'),
(300, 27, 3, '2014-04-15 11:38:20'),
(301, 24, 3, '2014-04-15 11:38:22'),
(302, 21, 4, '2014-04-15 11:38:25'),
(303, 63, 5, '2014-04-15 11:38:28'),
(304, 64, 6, '2014-04-15 11:38:31'),
(305, 65, 7, '2014-04-15 11:38:35'),
(306, 66, 8, '2014-04-15 11:38:38'),
(307, 67, 9, '2014-04-15 11:38:41'),
(308, 22, 3, '2014-04-15 11:40:27'),
(309, 18, 3, '2014-04-15 11:40:30'),
(310, 27, 3, '2014-04-15 11:40:33'),
(311, 44, 4, '2014-04-15 11:40:36'),
(312, 39, 4, '2014-04-15 11:40:39'),
(313, 43, 4, '2014-04-15 11:40:45'),
(314, 40, 4, '2014-04-15 11:40:48'),
(315, 41, 4, '2014-04-15 11:40:53'),
(316, 22, 3, '2014-04-15 11:40:58'),
(317, 30, 3, '2014-04-15 11:41:01'),
(318, 24, 3, '2014-04-15 11:41:03'),
(319, 42, 4, '2014-04-15 11:41:08'),
(320, 19, 2, '2014-04-15 11:49:13'),
(321, 35, 2, '2014-04-15 11:49:35'),
(322, 20, 3, '2014-04-15 11:49:39'),
(323, 16, 2, '2014-04-15 11:55:04'),
(324, 16, 2, '2014-04-15 11:58:01'),
(325, 16, 2, '2014-04-15 11:58:45'),
(326, 29, 2, '2014-04-15 11:58:47'),
(327, 32, 2, '2014-04-15 11:58:51'),
(328, 16, 2, '2014-04-15 12:04:23'),
(329, 16, 2, '2014-04-15 12:04:43'),
(330, 19, 2, '2014-04-15 12:04:54'),
(331, 35, 2, '2014-04-15 12:05:01'),
(332, 36, 2, '2014-04-15 12:05:06'),
(333, 22, 3, '2014-04-15 12:05:21'),
(334, 18, 3, '2014-04-15 12:05:27'),
(335, 38, 3, '2014-04-15 12:05:32'),
(336, 19, 2, '2014-04-15 12:05:52'),
(337, 36, 2, '2014-04-15 12:06:02'),
(338, 37, 2, '2014-04-15 12:06:08'),
(339, 37, 2, '2014-04-15 12:06:16'),
(340, 36, 2, '2014-04-15 12:06:25'),
(341, 29, 2, '2014-04-15 12:06:31'),
(342, 16, 2, '2014-04-15 12:07:19'),
(343, 16, 2, '2014-04-15 12:09:35'),
(344, 24, 3, '2014-04-15 12:09:41'),
(345, 38, 3, '2014-04-15 12:09:44'),
(346, 39, 4, '2014-04-15 12:09:48'),
(347, 38, 3, '2014-04-15 12:09:51'),
(348, 40, 4, '2014-04-15 12:09:56'),
(349, 16, 2, '2014-04-15 13:51:39'),
(350, 16, 2, '2014-04-15 13:51:55'),
(351, 33, 2, '2014-04-15 13:52:30'),
(352, 33, 2, '2014-04-15 13:52:35'),
(353, 33, 2, '2014-04-15 13:52:59'),
(354, 33, 2, '2014-04-15 13:53:04'),
(355, 16, 2, '2014-04-15 13:55:52'),
(356, 16, 2, '2014-04-15 13:55:57'),
(357, 37, 2, '2014-04-15 13:55:58'),
(358, 16, 2, '2014-04-15 13:57:06'),
(359, 32, 2, '2014-04-15 13:58:28'),
(360, 27, 3, '2014-04-15 14:01:32'),
(361, 16, 2, '2014-04-15 14:01:46'),
(362, 16, 2, '2014-04-15 14:03:04'),
(363, 16, 2, '2014-04-15 14:03:04'),
(364, 34, 2, '2014-04-15 14:03:04'),
(365, 32, 2, '2014-04-15 14:21:56'),
(366, 16, 2, '2014-04-15 14:23:23'),
(367, 29, 2, '2014-04-15 14:23:55'),
(368, 35, 2, '2014-04-15 14:26:53'),
(369, 35, 2, '2014-04-15 14:29:15'),
(370, 35, 2, '2014-04-15 14:29:15'),
(371, 27, 3, '2014-04-15 14:29:15'),
(372, 35, 2, '2014-04-15 14:30:34'),
(373, 35, 2, '2014-04-15 14:30:34'),
(374, 27, 3, '2014-04-15 14:30:34'),
(375, 44, 4, '2014-04-15 14:30:34'),
(376, 36, 2, '2014-04-15 15:44:58'),
(377, 17, 3, '2014-04-15 15:45:41'),
(378, 17, 3, '2014-04-15 15:47:30'),
(379, 35, 2, '2014-04-15 15:47:31'),
(380, 17, 3, '2014-04-15 15:47:39'),
(381, 35, 2, '2014-04-15 15:47:39'),
(382, 39, 4, '2014-04-15 15:47:39'),
(383, 16, 2, '2014-04-15 15:47:58'),
(384, 16, 2, '2014-04-15 15:48:08'),
(385, 38, 3, '2014-04-15 15:48:09'),
(386, 16, 2, '2014-04-15 15:48:16'),
(387, 38, 3, '2014-04-15 15:48:16'),
(388, 23, 4, '2014-04-15 15:48:17'),
(389, 16, 2, '2014-04-15 15:48:28'),
(390, 38, 3, '2014-04-15 15:48:28'),
(391, 23, 4, '2014-04-15 15:48:28'),
(392, 23, 4, '2014-04-15 15:48:28'),
(393, 16, 2, '2014-04-15 15:48:40'),
(394, 38, 3, '2014-04-15 15:48:40'),
(395, 23, 4, '2014-04-15 15:48:40'),
(396, 23, 4, '2014-04-15 15:48:41'),
(397, 23, 4, '2014-04-15 15:48:41'),
(398, 38, 3, '2014-04-15 15:51:56'),
(399, 38, 3, '2014-04-15 15:52:02'),
(400, 16, 2, '2014-04-15 15:52:02'),
(401, 38, 3, '2014-04-15 15:52:17'),
(402, 16, 2, '2014-04-15 15:52:17'),
(403, 38, 3, '2014-04-15 15:52:17'),
(404, 38, 3, '2014-04-15 15:53:21'),
(405, 38, 3, '2014-04-15 15:53:29'),
(406, 16, 2, '2014-04-15 15:53:29'),
(407, 16, 2, '2014-04-15 15:53:52'),
(408, 16, 2, '2014-04-15 15:53:58'),
(409, 38, 3, '2014-04-15 15:53:58'),
(410, 16, 2, '2014-04-15 15:55:00'),
(411, 16, 2, '2014-04-15 15:55:07'),
(412, 38, 3, '2014-04-15 15:55:07'),
(413, 16, 2, '2014-04-15 15:55:15'),
(414, 38, 3, '2014-04-15 15:55:15'),
(415, 38, 3, '2014-04-15 15:55:15'),
(416, 16, 2, '2014-04-15 15:55:21'),
(417, 38, 3, '2014-04-15 15:55:21'),
(418, 38, 3, '2014-04-15 15:55:21'),
(419, 38, 3, '2014-04-15 15:55:21'),
(420, 16, 2, '2014-04-15 15:55:29'),
(421, 38, 3, '2014-04-15 15:55:29'),
(422, 38, 3, '2014-04-15 15:55:29'),
(423, 38, 3, '2014-04-15 15:55:29'),
(424, 38, 3, '2014-04-15 15:55:29'),
(425, 0, 0, '2014-04-15 15:58:19'),
(426, 16, 2, '2014-04-15 16:00:16'),
(427, 16, 2, '2014-04-15 16:00:23'),
(428, 38, 3, '2014-04-15 16:00:23'),
(429, 16, 2, '2014-04-15 16:01:42'),
(430, 16, 2, '2014-04-15 16:01:48'),
(431, 38, 3, '2014-04-15 16:01:48'),
(432, 16, 2, '2014-04-15 16:02:28'),
(433, 16, 2, '2014-04-15 16:02:34'),
(434, 38, 3, '2014-04-15 16:02:34'),
(435, 16, 2, '2014-04-15 16:03:46'),
(436, 16, 2, '2014-04-15 16:03:51'),
(437, 38, 3, '2014-04-15 16:03:51'),
(438, 16, 2, '2014-04-15 16:06:05'),
(439, 16, 2, '2014-04-15 16:06:11'),
(440, 38, 3, '2014-04-15 16:06:11'),
(441, 16, 2, '2014-04-15 16:06:42'),
(442, 16, 2, '2014-04-15 16:06:54'),
(443, 38, 3, '2014-04-15 16:06:54'),
(444, 16, 2, '2014-04-15 16:07:29'),
(445, 16, 2, '2014-04-15 16:07:54'),
(446, 16, 2, '2014-04-15 16:08:18'),
(447, 16, 2, '2014-04-15 16:08:30'),
(448, 38, 3, '2014-04-15 16:08:30'),
(449, 16, 2, '2014-04-15 16:09:23'),
(450, 38, 3, '2014-04-15 16:09:31'),
(451, 16, 2, '2014-04-15 16:09:40'),
(452, 38, 3, '2014-04-15 16:09:44'),
(453, 44, 4, '2014-04-15 16:09:50'),
(454, 44, 4, '2014-04-15 16:09:56'),
(455, 16, 2, '2014-04-15 16:11:22'),
(456, 16, 2, '2014-04-15 16:11:39'),
(457, 16, 2, '2014-04-15 16:16:01'),
(458, 16, 2, '2014-04-15 16:16:13'),
(459, 16, 2, '2014-04-15 16:16:35'),
(460, 16, 2, '2014-04-15 16:16:40'),
(461, 16, 2, '2014-04-15 16:23:29'),
(462, 16, 2, '2014-04-15 16:25:11'),
(463, 16, 2, '2014-04-15 16:25:19'),
(464, 16, 2, '2014-04-15 16:25:26'),
(465, 22, 3, '2014-04-15 16:25:40'),
(466, 22, 3, '2014-04-15 16:25:48'),
(467, 16, 2, '2014-04-15 16:26:13'),
(468, 26, 21, '2014-04-15 16:26:53'),
(469, 16, 2, '2014-04-15 17:20:58'),
(470, 29, 2, '2014-04-15 17:21:05'),
(471, 16, 2, '2014-04-15 17:25:20'),
(472, 22, 3, '2014-04-15 17:25:28'),
(473, 16, 2, '2014-04-15 17:27:51'),
(474, 22, 3, '2014-04-15 17:27:57'),
(475, 16, 2, '2014-04-15 17:28:28'),
(476, 16, 2, '2014-04-15 17:28:47'),
(477, 16, 2, '2014-04-15 17:29:26'),
(478, 16, 2, '2014-04-15 17:29:50'),
(479, 38, 3, '2014-04-15 17:29:57'),
(480, 27, 3, '2014-04-15 17:30:27'),
(481, 27, 3, '2014-04-15 17:30:34'),
(482, 0, 41, '2014-04-15 17:30:55'),
(483, 0, 41, '2014-04-15 17:31:02'),
(484, 0, 41, '2014-04-15 17:31:52'),
(485, 72, 39, '2014-04-15 17:32:37'),
(486, 0, 41, '2014-04-15 17:32:49'),
(487, 74, 40, '2014-04-16 06:23:43'),
(488, 75, 52, '2014-04-16 06:23:53'),
(489, 76, 1, '2014-04-16 06:34:24'),
(490, 29, 2, '2014-04-16 06:34:47'),
(491, 37, 2, '2014-04-16 06:34:59'),
(492, 77, 52, '2014-04-16 06:35:45'),
(493, 78, 1, '2014-04-16 07:01:29'),
(494, 79, 1, '2014-04-16 07:19:42'),
(495, 79, 1, '2014-04-16 07:23:26'),
(496, 79, 1, '2014-04-16 07:25:31'),
(497, 22, 3, '2014-04-16 07:26:37'),
(498, 79, 1, '2014-04-16 07:27:16'),
(499, 79, 1, '2014-04-16 07:27:39'),
(500, 80, 58, '2014-04-16 08:34:03'),
(501, 81, 69, '2014-04-16 08:47:58'),
(502, 81, 69, '2014-04-16 08:48:22'),
(503, 82, 62, '2014-04-16 08:48:33'),
(504, 82, 62, '2014-04-16 08:48:50'),
(505, 82, 62, '2014-04-16 08:49:05'),
(506, 78, 1, '2014-04-16 09:52:46'),
(507, 36, 2, '2014-04-16 12:53:35'),
(508, 36, 2, '2014-04-16 12:53:43'),
(509, 36, 2, '2014-04-16 12:53:49'),
(510, 36, 2, '2014-04-16 12:53:55'),
(511, 83, 1, '2014-04-16 13:17:23'),
(512, 24, 3, '2014-04-16 13:19:28'),
(513, 41, 4, '2014-04-16 13:30:38'),
(514, 41, 4, '2014-04-16 13:30:55'),
(515, 83, 1, '2014-04-16 13:55:00'),
(516, 83, 1, '2014-04-16 13:55:04'),
(517, 83, 1, '2014-04-16 13:55:07'),
(518, 20, 3, '2014-04-16 13:59:03'),
(519, 20, 3, '2014-04-16 13:59:09'),
(520, 20, 3, '2014-04-16 13:59:14'),
(521, 84, 6, '2014-04-16 14:17:51'),
(522, 85, 1, '2014-04-16 14:29:24'),
(523, 86, 1, '2014-04-16 14:31:53'),
(524, 87, 1, '2014-04-16 14:32:57'),
(525, 88, 13, '2014-04-16 14:33:10'),
(526, 88, 13, '2014-04-16 14:34:49'),
(527, 88, 13, '2014-04-16 14:34:55');

--
-- Constraints der exportierten Tabellen
--

--
-- Constraints der Tabelle `awards`
--
ALTER TABLE `awards`
  ADD CONSTRAINT `awards_ibfk_1` FOREIGN KEY (`award_id`) REFERENCES `award` (`award_id`) ON DELETE CASCADE ON UPDATE CASCADE,
  ADD CONSTRAINT `awards_ibfk_2` FOREIGN KEY (`pfuscher_id`) REFERENCES `pfuscher` (`pfuscher_id`) ON DELETE CASCADE ON UPDATE CASCADE;

--
-- Constraints der Tabelle `opinion`
--
ALTER TABLE `opinion`
  ADD CONSTRAINT `opinion_ibfk_2` FOREIGN KEY (`pfuscher_id`) REFERENCES `pfuscher` (`pfuscher_id`) ON DELETE CASCADE ON UPDATE CASCADE,
  ADD CONSTRAINT `opinion_ibfk_3` FOREIGN KEY (`awards_id`) REFERENCES `awards` (`awards_id`) ON DELETE CASCADE ON UPDATE CASCADE;

/*!40101 SET CHARACTER_SET_CLIENT=@OLD_CHARACTER_SET_CLIENT */;
/*!40101 SET CHARACTER_SET_RESULTS=@OLD_CHARACTER_SET_RESULTS */;
/*!40101 SET COLLATION_CONNECTION=@OLD_COLLATION_CONNECTION */;
